,Enfermedad,Grupo
0,addiction,respiratoria
1,alcohol,genetica
2,compliance,respiratoria
3,genetic factors,respiratoria
4,immune cells,respiratoria
5,keratinocytes,genetica
6,psoriasis ,respiratoria
7,biomarker,genetica
8,health,cardiaca
9,livestock,cardiaca
10,microRNA,genetica
11,pig,cardiaca
12,poultry,cardiaca
13,ruminants,genetica
14,welfare ,genetica
15,Aging,cardiaca
16,Bone,respiratoria
17,Inflammation,cardiaca
18,Osteoporosis,cardiaca
19,Polyunsaturated fat,genetica
20,Saturated fat ,genetica
21,ALK,cardiaca
22,NSCLC,respiratoria
23,alectinib,respiratoria
24,crizotinib,cardiaca
25,resistance mechanisms ,cardiaca
26,Epigenetic,respiratoria
27,biomarkers,respiratoria
28,bladder cancer,respiratoria
29,chromatin remodelling,cardiaca
30,therapeutic target ,genetica
31,Aspergillus,genetica
32,Candida,genetica
33,Coccidioidomycosis,cardiaca
34,Critical care,respiratoria
35,Cryptococcus,cardiaca
36,Histoplasmosis,respiratoria
37,Invasive fungal infections,genetica
38,Pneumocystis jirovecii ,genetica
39,anthocyanins,cardiaca
40,anti cancer agents,genetica
41,apoptosis,cardiaca
42,inflammation,genetica
43,invasion,genetica
44,metabolic reprogramming,cardiaca
45,metastization,cardiaca
46,oxidative stress,cardiaca
47,proliferation,cardiaca
48,sweet cherries ,genetica
49,Cerclage,genetica
50,Cervical length,cardiaca
51,Pessary,genetica
52,Preterm birth,respiratoria
53,Progesterone ,genetica
54,Adolescents,cardiaca
55,Children,cardiaca
56,Cognitive behavior therapy for insomnia,respiratoria
57,Insomnia,cardiaca
58,Pediatric insomnia,respiratoria
59,Sleep,cardiaca
60,Sleep hygiene ,genetica
61,Concussion,cardiaca
62,Magnetic resonance spectroscopy MRS ,respiratoria
63,Mild traumatic brain injury mTBI ,respiratoria
64,SWI,cardiaca
65,Susceptibility weighted imaging ,genetica
66,CANTOS,respiratoria
67,atherosclerosis,respiratoria
68,canakinumab,genetica
69,inflammation,respiratoria
70,interleukin 1 ,respiratoria
71,acquired brain injury,respiratoria
72,conceptual model,cardiaca
73,functional vision,respiratoria
74,interprofessional,genetica
75,rehabilitation,respiratoria
76,stroke,genetica
77,vision,respiratoria
78,vision assessment,respiratoria
79,vision specialists,respiratoria
80,visual function ,cardiaca
81,AMPK,cardiaca
82,Complex I,cardiaca
83,Gluconeogenesis,genetica
84,Gut flora,genetica
85,Inflammaging,cardiaca
86,Insulin sensitivity,genetica
87,Microbiota,cardiaca
88,Senescence,genetica
89,Short chain fatty acids,respiratoria
90,mTOR ,respiratoria
91,COVID 19,respiratoria
92,SARS CoV 2,cardiaca
93,acute coronary syndrome,cardiaca
94,atherosclerosis,genetica
95,cardiovascular,cardiaca
96,inflammation ,cardiaca
97,Africa,genetica
98,IHU Mediterranée Infection,cardiaca
99,Mediterranean Basin,respiratoria
100,bacteria,genetica
101,food,cardiaca
102,food borne,cardiaca
103,fungus,genetica
104,infections,respiratoria
105,virus,respiratoria
106,zoonosis ,genetica
107,antioxidant,genetica
108,ascorbic acid,cardiaca
109,photoaging,cardiaca
110,photoprotection,respiratoria
111,vitamin C ,respiratoria
112,COVID 19,genetica
113,Gender inequality,respiratoria
114,Sexual function,genetica
115,Sexual health,respiratoria
116,Sexual pleasure,genetica
117,Women ,genetica
118,interdisciplinary communication,respiratoria
119,observer variation,cardiaca
120,predictive value of tests,cardiaca
121,standardization,genetica
122,terminology ,genetica
123,Amino acid,cardiaca
124,Gut microbiota,cardiaca
125,Host,genetica
126,Metabolism,respiratoria
127,Mucosal immunity ,cardiaca
128,Anophthalmia,respiratoria
129,Congenital eye malformation,respiratoria
130,Eye development,cardiaca
131,Genes,respiratoria
132,Microphthalmia ,respiratoria
133,ankylosing spondylitis,cardiaca
134,assessment,genetica
135,depression,respiratoria
136,depressive disorder,cardiaca
137,epidemiology,respiratoria
138,psoriatic arthritis,genetica
139,spondyloarthritis,respiratoria
140,treatment ,respiratoria
141,ECG,genetica
142,ECG screening,cardiaca
143,Right ventricular hypertrophy ,genetica
144,Basal cell carcinoma,cardiaca
145,multiple development,genetica
146,risk factors ,cardiaca
147,Bodipy,genetica
148,intersystem crossing,cardiaca
149,photocatalysis,genetica
150,triplet photosensitizers,genetica
151,upconversion ,cardiaca
152,Acute pancreatitis,cardiaca
153,inflammation,respiratoria
154,mesenchymal stem cells,respiratoria
155,systemic inflammatory response syndrome ,cardiaca
156,Centers for Disease Control and Prevention U S ,genetica
157,United States,genetica
158,bacteremia,respiratoria
159,catheter related infections,cardiaca
160,central venous catheter,genetica
161,central venous catheters,genetica
162,hemodialysis,cardiaca
163,hemodialysis access,respiratoria
164,hospitalization,genetica
165,humans,cardiaca
166,morbidity,genetica
167,mortality,genetica
168,nephrologists,genetica
169,nephrology,genetica
170,renal dialysis,respiratoria
171,sepsis,cardiaca
172,vascular access ,respiratoria
173,Cerebral ischemia reperfusion,respiratoria
174,Neuropeptide Y Y2 receptors,cardiaca
175,Neuroprotection,respiratoria
176,Neurovascular unit,respiratoria
177,Stroke therapy ,respiratoria
178,H7N9,cardiaca
179,hemagglutinin stalk,genetica
180,universal influenza virus vaccine ,cardiaca
181,CNS infection,cardiaca
182,HIV,respiratoria
183,Immunocompromise,cardiaca
184,Meningitis,genetica
185,Transplant ,genetica
186,Extracellular matrix,respiratoria
187,Hydrogels,cardiaca
188,Polysaccharide,genetica
189,Tissue engineering,cardiaca
190,Xanthan gum ,cardiaca
191,Airway obstruction,cardiaca
192,Atelectasis,cardiaca
193,Hemoptysis,respiratoria
194,Palliative thoracic radiation,cardiaca
195,Radiation oncology emergency,genetica
196,Spinal cord compression,genetica
197,Superior vena cava syndrome ,respiratoria
198,clinical genetics,genetica
199,hypertrophic cardiomyopathy ,respiratoria
200,Obesity,genetica
201,Older adults,genetica
202,Sleep problems ,genetica
203,Colonoscopia,cardiaca
204,Colonoscopy,cardiaca
205,Colorectal cancer,genetica
206,Cáncer colorrectal,cardiaca
207,Diagnóstico óptico,cardiaca
208,Optical diagnosis,respiratoria
209,Polyp,genetica
210,Pólipo ,cardiaca
211,Chemokines,respiratoria
212,Inflammation,genetica
213,NETs,genetica
214,SARS CoV2 ,cardiaca
215,animal model,respiratoria
216,extracellular matrix,respiratoria
217,fibrosis,genetica
218,keloid,genetica
219,scar,cardiaca
220,wound healing ,respiratoria
221,Cannabidiol CBD ,respiratoria
222,Cannabis based medicinal products CBMPs ,genetica
223,Patient reported outcomes PROs ,cardiaca
224,Real world evidence RWE ,respiratoria
225,Δ⁹ tetrahydrocannabinol THC ,genetica
226,ALD Alcoholic related liver disease,respiratoria
227,CI confidence interval,genetica
228,HRAR High Risk Alcoholism Relapse,cardiaca
229,LT Liver transplantation,respiratoria
230,OR odds ratio,respiratoria
231,RP Relapse prevention,cardiaca
232,SALT Sustained Alcohol Use PostLT,genetica
233,addiction,cardiaca
234,cancer,respiratoria
235,recidivism,respiratoria
236,smoking,genetica
237,survival ,cardiaca
238,airway inflammation,genetica
239,obesity,respiratoria
240,obstructive sleep apnea syndrome,cardiaca
241,severe asthma,cardiaca
242,sleep reated breathing disorders ,respiratoria
243,Cholesterol,cardiaca
244,Genetics,respiratoria
245,Remnant lipoproteins,cardiaca
246,Triglycerides ,genetica
247,Financial burden,genetica
248,MDR,respiratoria
249,Morbidity,genetica
250,Mortality,genetica
251,Neonatal sepsis ,genetica
252,Education,genetica
253,Eye Tracking,genetica
254,Surgery,genetica
255,Training ,genetica
256,CAM DR,genetica
257,hematologic malignancies,genetica
258,inhibitors,respiratoria
259,signaling pathways,respiratoria
260,tumor microenvironment ,cardiaca
261,Hand hygiene,respiratoria
262,Infection prevention,respiratoria
263,Technology ,cardiaca
264,immune status,cardiaca
265,lipid,genetica
266,nutrition,respiratoria
267,phagocytosis,respiratoria
268,polyunsaturated fatty acids PUFA ,cardiaca
269,Biologics,respiratoria
270,DMARDs,respiratoria
271,Disease modifying antirheumatic drugs,respiratoria
272,Immunosuppression,cardiaca
273,Infection,genetica
274,Rheumatic disease,genetica
275,Travel,genetica
276,Vaccination ,respiratoria
277,Drosophila,cardiaca
278,TLR,cardiaca
279,Toll,genetica
280,adult neurogenesis,genetica
281,homeostasis,cardiaca
282,neurodegeneration,genetica
283,neurotrophin,genetica
284,structural brain plasticity ,cardiaca
285,bacterial microcompartments,cardiaca
286,dysbiosis,genetica
287,human microbiome,genetica
288,metabolosomes,respiratoria
289,pathogenesis ,genetica
290,intracranial pressure,cardiaca
291,management,respiratoria
292,medically refractory,genetica
293,subarachnoid hemorrhage ,respiratoria
294,Black,cardiaca
295,Disparities,genetica
296,Hispanic,cardiaca
297,Latino,genetica
298,Osteoarthritis,cardiaca
299,Race,respiratoria
300,Socioeconomic,genetica
301,Total joint replacement ,respiratoria
302,acute myeloid leukemia,cardiaca
303,hematopoiesis,cardiaca
304,malignancies,genetica
305,myelodysplastic syndrome,respiratoria
306,splicing,respiratoria
307,zebrafish ,cardiaca
308,certification,genetica
309,comorbidity,genetica
310,intracranial hemorrhages,cardiaca
311,neuroimaging,genetica
312,stroke ,genetica
313,circadian rhythm,cardiaca
314,gating,genetica
315,homeostatic regulation,respiratoria
316,insomnia,genetica
317,skin temperature,cardiaca
318,skin vasoconstriction,cardiaca
319,skin vasodilation,genetica
320,sleep,cardiaca
321,sleep permissive and wake promoting factors,respiratoria
322,thermoregulation,respiratoria
323,thermosensitivity,respiratoria
324,vigilance ,cardiaca
325,Heparin induced thrombocytopenia,cardiaca
326,cardiac surgery,genetica
327,intensive care unit ,cardiaca
328,Heart failure,respiratoria
329,cardiovascular therapy,genetica
330,left ventricular function,respiratoria
331,mitochondria,cardiaca
332,myocyte ,respiratoria
333,Non small cell lung cancer NSCLC ,respiratoria
334,central nervous system metastases CNS metastases ,cardiaca
335,concurrent radiotherapy,respiratoria
336,tyrosine kinase inhibitors TKIs ,cardiaca
337,cardiac regeneration,cardiaca
338,cardiogenesis,respiratoria
339,dynorphin B,cardiaca
340,electromagnetic fields,respiratoria
341,hyaluronan esters,genetica
342,intracrine,genetica
343,nuclear opioid receptors,respiratoria
344,prodynorphin gene,genetica
345,stem cells,genetica
346,transcription factors ,cardiaca
347,carbon nano tube CNT sensors,cardiaca
348,chemiresistive gas sensors,cardiaca
349,fibre optic,respiratoria
350,gas sensors,cardiaca
351,multi walled carbon nanotubes MWCNTs ,respiratoria
352,polymers,genetica
353,sensing materials,genetica
354,volatile organic compound VOC ,respiratoria
355,Active species,respiratoria
356,Degradation products,respiratoria
357,Fluoroquinolones,cardiaca
358,Heterogeneous catalysts,cardiaca
359,Photo fenton ,genetica
360,atherosclerosis,cardiaca
361,cardiovascular disease,cardiaca
362,gender differences,genetica
363,ischemic heart disease,respiratoria
364,ischemic stroke ,respiratoria
365,CGRP antagonism,genetica
366,amylin,respiratoria
367,calcitonin gene related peptide,cardiaca
368,cell surface G protein receptors,genetica
369,hybridoma,genetica
370,monoclonal antibodies ,respiratoria
371,CF exacerbations,genetica
372,CF outcomes,cardiaca
373,CFTR modulators,respiratoria
374,adherence to therapy,cardiaca
375,cystic fibrosis,genetica
376,risk factors ,respiratoria
377,cheese,genetica
378,interaction,respiratoria
379,metabolism,genetica
380,nonstarter lactic acid bacteria,genetica
381,starter culture ,genetica
382,111In,cardiaca
383,Auger electrons,genetica
384,Cancer treatment,respiratoria
385,Clinical studies,cardiaca
386,Dosimetry,cardiaca
387,Monoclonal antibodies,cardiaca
388,Nanoparticles,genetica
389,Peptides,cardiaca
390,Preclinical studies,respiratoria
391,Radiolabelling ,cardiaca
392,Immune checkpoint,respiratoria
393,Lymphoma,cardiaca
394,Nivolumab,cardiaca
395,PD 1,cardiaca
396,PD L1,cardiaca
397,Pembrolizumab ,cardiaca
398,amblyopia,respiratoria
399,binocular treatment,respiratoria
400,dichoptic movies,genetica
401,video games ,genetica
402,Group A Streptococcus,respiratoria
403,hemorrhagic bulla,cardiaca
404,necrosis,cardiaca
405,necrotizing fasciitis,respiratoria
406,sepsis,genetica
407,types ,genetica
408,Interferon,genetica
409,JAK,genetica
410,Lupus,genetica
411,STAT ,cardiaca
412,NADPH oxidase,genetica
413,angiotensin II,genetica
414,endothelial nitric oxide synthase,cardiaca
415,inflammation,cardiaca
416,superoxide,respiratoria
417,vascular biology ,cardiaca
418,BPP,genetica
419,anomaly zone,cardiaca
420,concatenation,respiratoria
421,gene trees,genetica
422,incomplete lineage sorting,respiratoria
423,maximum likelihood,genetica
424,multispecies coalescent,cardiaca
425,species trees ,cardiaca
426,Graves disease,cardiaca
427,Graves orbitopathy,genetica
428,Idiopathic orbital inflammation,cardiaca
429,Orbital lymphoma,genetica
430,Pseudotumor ,cardiaca
431,community pharmacy,genetica
432,pharmacist,genetica
433,travel,genetica
434,vaccination ,cardiaca
435,Camarodonta,genetica
436,Echinoida,cardiaca
437,Next generation,respiratoria
438,Temnopleurus reevesii,respiratoria
439,Temperature tolerance ,respiratoria
440,Gastrinoma,respiratoria
441,Insulinoma,respiratoria
442,Liver metastases,genetica
443,Neuroendocrine tumors of the pancreas,genetica
444,Non functional pancreatic tumors,respiratoria
445,Surgical therapy ,respiratoria
446,Blood brain barrier,cardiaca
447,ischemic stroke,cardiaca
448,occludin ,cardiaca
449,ICUs,genetica
450,India,respiratoria
451,Palliative and end of life care,respiratoria
452,Policy documents ,genetica
453,Adultes,cardiaca
454,Adults,respiratoria
455,Care courses,respiratoria
456,Cooperation,genetica
457,Coopération,genetica
458,Filières de soins,cardiaca
459,Tumeur de Wilms,genetica
460,Wilms tumors ,respiratoria
461,Drug delivery system,cardiaca
462,Low temperature plasma,genetica
463,Nanodrug,cardiaca
464,Pharmacy,cardiaca
465,Plasma activated liquids ,genetica
466,Abiraterone,genetica
467,Androgen receptor,respiratoria
468,Biomarkers,respiratoria
469,Cabazitaxel,cardiaca
470,Cell free DNA,genetica
471,Circulating tumor cells,respiratoria
472,Docetaxel,genetica
473,Enzalutamide,genetica
474,Metastatic castration resistant prostate cancer,cardiaca
475,Taxanes ,genetica
476,agar agar,genetica
477,agarose,genetica
478,cross linking,genetica
479,enzymes,respiratoria
480,functionalization,genetica
481,immobilization,genetica
482,stabilization ,respiratoria
483,COVID 19,genetica
484,FTY720,genetica
485,cytokine storm,cardiaca
486,cytokines,genetica
487,fingolimod ,genetica
488,Flue gas,cardiaca
489,Hg0,respiratoria
490,Mechanism,genetica
491,Purification,genetica
492,Wet oxidation method ,cardiaca
493,atopic dermatitis,genetica
494,food allergy,genetica
495,infants,genetica
496,microbiome ,respiratoria
497,Ablative fractional laser,genetica
498,In Vitro In Vivo models,cardiaca
499,Microchannel morphology barrier permeability,genetica
500,Microporation,cardiaca
501,Physical enhancement strategies,cardiaca
502,Skin absorption,cardiaca
503,Topical laser assisted drug delivery,genetica
504,Transdermal delivery ,genetica
505,ROS,cardiaca
506,algae,cardiaca
507,apoptosis,respiratoria
508,cancer,respiratoria
509,diabetes,genetica
510,inflammation,respiratoria
511,marine bioactive compounds,cardiaca
512,oxidative stress,genetica
513,secondary metabolites ,respiratoria
514,Axial spondyloarthritis,cardiaca
515,Diagnosis,respiratoria
516,Imaging,respiratoria
517,Management ,respiratoria
518,Arterial elasticity,genetica
519,Arteriosclerosis,respiratoria
520,Methodology,respiratoria
521,Vascular function ,cardiaca
522,Brainstorming,cardiaca
523,Cluster analysis,respiratoria
524,Concept mapping,genetica
525,Multidimensional scaling,genetica
526,Pattern matching,genetica
527,Sorting,cardiaca
528,Structured conceptualization ,cardiaca
529,Iron,cardiaca
530,meta analysis,genetica
531,outcome,respiratoria
532,pregnancy ,cardiaca
533,Apoptosis,cardiaca
534,MCL 1 inhibitors,cardiaca
535,cancer,cardiaca
536,protein protein interactions ,respiratoria
537,Frequently highlighted,cardiaca
538,Medical education,genetica
539,Medical professionalism,cardiaca
540,Medical students,cardiaca
541,Professionalism attributes,cardiaca
542,Undergraduate ,respiratoria
543,effectors,genetica
544,plant pathogen interaction,cardiaca
545,proteomics,genetica
546,rice blast disease,genetica
547,signalling ,respiratoria
548,feedback,genetica
549,pharmacy education,genetica
550,scoping review ,respiratoria
551,breast cancer,genetica
552,immune system,respiratoria
553,inflammation,genetica
554,lidocaine,genetica
555,natural killer T cells,cardiaca
556,perioperative period ,respiratoria
557,SWOT analysis,cardiaca
558,biology,respiratoria
559,cultivation,genetica
560,ethnobotany,genetica
561,food use,cardiaca
562,health effects,respiratoria
563,phytochemistry,respiratoria
564,proximate composition ,cardiaca
565,Adaptive immunity,genetica
566,Allergy,genetica
567,Asthma,respiratoria
568,Chronic obstructive lung disease,genetica
569,Immumostimulants,cardiaca
570,Innate immunity,cardiaca
571,Pidotimod,cardiaca
572,Respiratory diseases ,cardiaca
573,Acylation,cardiaca
574,Graft polymerization,genetica
575,Ion gel ,cardiaca
576,adenoma of parathyroid gland,genetica
577,cancer of the parathyroid gland ,respiratoria
578,computed tomography,genetica
579,hyperplasia of the parathyroid gland ,respiratoria
580,Breast,genetica
581,Breast conserving surgery,respiratoria
582,Cancer,genetica
583,Mastectomy ,respiratoria
584,Bipolar disorder,respiratoria
585,marital satisfaction,cardiaca
586,marriage,cardiaca
587,sexual satisfaction ,respiratoria
588,HLA B27 allele,cardiaca
589,Th17,genetica
590,biologics,cardiaca
591,enthesitis,cardiaca
592,spondylitis ,cardiaca
593,ODF,genetica
594,axoneme,respiratoria
595,connecting piece,respiratoria
596,fibrous sheath,respiratoria
597,male fertility,respiratoria
598,mitochondrial sheath,genetica
599,motility,respiratoria
600,sperm,respiratoria
601,tail ,cardiaca
602,IBD,genetica
603,anti TNF,genetica
604,crohn s disease,respiratoria
605,personalized medicine,genetica
606,ulcerative colitis ,genetica
607,IL 17A,cardiaca
608,Itch,genetica
609,Ixekizumab,respiratoria
610,Psoriasis ,respiratoria
611,4ʹ N benzoylstaurosporine,respiratoria
612,Flt3 ligand,genetica
613,Platelet derived growth factor,genetica
614,Protein kinase c,cardiaca
615,Protein tyrosine kinase,respiratoria
616,acute myeloid leukemia,cardiaca
617,vascular endothelia growth factor ,respiratoria
618,bevacizumab,genetica
619,chemotherapy,cardiaca
620,glioblastoma,respiratoria
621,survival,genetica
622,vascular endothelial growth factor VEGF ,genetica
623,Anti hypertensive drug,genetica
624,Chemokine,respiratoria
625,Chemokine receptor,respiratoria
626,Hypertension,cardiaca
627,Inflammation ,respiratoria
628,ATP7A,cardiaca
629,ATP7B,genetica
630,CTR1,respiratoria
631,copper,genetica
632,gametes production,genetica
633,spermatogenesis,cardiaca
634,testis ,respiratoria
635,checkpoint blockade,genetica
636,immunotherapy,respiratoria
637,outcomes ,respiratoria
638,biomaterials,cardiaca
639,bone,respiratoria
640,craniofacial reconstruction,genetica
641,growth factors,respiratoria
642,injectable,cardiaca
643,scaffolds,cardiaca
644,stem cells ,cardiaca
645,COVID 19,respiratoria
646,Influence on therapy,respiratoria
647,Neuroinvasive mechanisms,genetica
648,Neurological symptoms,respiratoria
649,SARS CoV 2 infection ,respiratoria
650,PNH clones,respiratoria
651,SAA,respiratoria
652,Th cells,respiratoria
653,cytotoxic T cells ,respiratoria
654,Hepatocellular carcinoma HCC ,genetica
655,clinical trials,respiratoria
656,immunotherapy,cardiaca
657,sorafenib,genetica
658,systemic therapy,genetica
659,tyrosine kinase inhibitors ,genetica
660,Biologicals,cardiaca
661,Idiotype,respiratoria
662,Monoclonal antibodies,genetica
663,Therapy,cardiaca
664,Veterinary oncology ,respiratoria
665,Cost effectiveness,cardiaca
666,Gender neutral,cardiaca
667,HPV vaccination,cardiaca
668,HPV related diseases ,respiratoria
669,Anode,genetica
670,Carbon nitrides,genetica
671,Density functional theory,genetica
672,Metal ion batteries,genetica
673,g C3N4 ,respiratoria
674,biocomposite,cardiaca
675,mechanical properties,genetica
676,natural fibres,respiratoria
677,polylactic acid PLA ,genetica
678,fetal Doppler,respiratoria
679,fetal cardiac intervals,genetica
680,fetal cardiology,genetica
681,fetal heart rate,cardiaca
682,fetal monitoring,cardiaca
683,signal processing ,cardiaca
684,Extraoral,genetica
685,GPCR,respiratoria
686,Gustation,genetica
687,Signaling,cardiaca
688,Taste ,genetica
689,Breast cancer,genetica
690,Cancer therapy,genetica
691,Liposomal delivery,cardiaca
692,Triggerable liposomes ,genetica
693,China,genetica
694,Neuropsychology,cardiaca
695,clinical practice,cardiaca
696,research,cardiaca
697,teaching ,cardiaca
698,apoptosis,cardiaca
699,cytochrome c,respiratoria
700,mitochondria,genetica
701,neuroglobin,genetica
702,protein protein interaction ,genetica
703,Clostridium,respiratoria
704,Glycosyldiradylglycerols phospholipids,genetica
705,Plasmalogens,cardiaca
706,Taxonomy ,respiratoria
707,Mexico,respiratoria
708,autonomic nervous system,respiratoria
709,beta adrenergic blockers,cardiaca
710,norepinephrine transporter antagonist,respiratoria
711,orthostatic intolerance,respiratoria
712,vasovagal syncope ,cardiaca
713,AIM2 Absent in melanoma 2,genetica
714,ASC apoptosis associated speck like protein,cardiaca
715,ATP Adenosine triphosphate,respiratoria
716,BBG Brilliant blue G,genetica
717,CCK 8 Cell Counting Kit 8,respiratoria
718,CNS central nervous system,genetica
719,CO Carbon monoxide,cardiaca
720,CORM 3 Carbon monoxide releasing molecle 3,respiratoria
721,Caspase 1,respiratoria
722,Cx43 Connexin 43,genetica
723,DAMPs Damage associated molecular patterns,cardiaca
724,DRD1 Dopamine Receptor D1,genetica
725,ECH Echinacoside,cardiaca
726,GSDMD Gasdermin D,cardiaca
727,Gal 3 Galectin 3,cardiaca
728,H2O2 Hydrogen peroxide,cardiaca
729,HO 1 Heme oxygenase 1,genetica
730,IL 18 Interleukin 18,cardiaca
731,IL 1β Interleukin 1 beta,genetica
732,IRE1 Inositol requiring enzyme 1,cardiaca
733,JOA Japanese orthopedics association,respiratoria
734,LPS Lipopolysaccharide,cardiaca
735,NDI Neck data index,respiratoria
736,NF κB Nuclear factor kappa B,genetica
737,NLRP1 NOD like receptor protein 1,cardiaca
738,NLRP1b NOD like receptor protein 1b,cardiaca
739,NLRP3,respiratoria
740,NLRP3 Nucleotide binding domain like receptor protein 3,cardiaca
741,Neuroinflammation,respiratoria
742,Nrf2 Nuclear factor erythroid 2 related factor 2,respiratoria
743,OPCs Oligodendrocyte progenitor cells,cardiaca
744,PAMPs Pathogen associated molecular patterns,respiratoria
745,PRRs Pattern recognition receptors,genetica
746,Pyroptosis,cardiaca
747,ROS Reactive oxygen species,respiratoria
748,Spinal cord injury,respiratoria
749,TLR4 Toll like receptor 4,respiratoria
750,TXNIP Thioredoxin interacting protein,respiratoria
751,Therapeutic implications,cardiaca
752,double stranded DNAIR Ischemia reperfusion,cardiaca
753,si RNA Small interfering RNA ,respiratoria
754,Axon guidance molecule,genetica
755,Biomarker,genetica
756,Bone remodeling,cardiaca
757,Coupling factor,respiratoria
758,Therapeutic target ,respiratoria
759,Crohn s disease,respiratoria
760,adolescence,cardiaca
761,child health,cardiaca
762,inflammatory bowel disease,cardiaca
763,paediatrics,cardiaca
764,transition ,genetica
765,cerebral,cardiaca
766,high mobility group box 1,genetica
767,ischemia,genetica
768,receptor for advanced glycation end products,cardiaca
769,therapeutic strategy,respiratoria
770,toll like receptor ,respiratoria
771,Coordination,respiratoria
772,Diabetes,cardiaca
773,Inhibitors,cardiaca
774,Organoruthenium,respiratoria
775,Suppressants ,cardiaca
776,CANTOS,cardiaca
777,atherosclerosis,cardiaca
778,canakinumab,cardiaca
779,inflammation,cardiaca
780,interleukin 1 ,respiratoria
781,Giant cell tumors,cardiaca
782,Neoplasms,genetica
783,Sternum ,genetica
784,airway obstruction physiopathology,respiratoria
785,anesthesia,genetica
786,intubation intratracheal adverse effects,respiratoria
787,postoperative complications therapy,genetica
788,tracheal stenosis surgery ,respiratoria
789,Mediterranean diet,respiratoria
790,microglia,cardiaca
791,neuroinflammation,respiratoria
792,olive oil,respiratoria
793,phenolic compounds,cardiaca
794,wine ,respiratoria
795,Articular cartilage,genetica
796,cartilage pathologies,respiratoria
797,chondromatosis,respiratoria
798,hypervitaminosis A,respiratoria
799,osteoarthrosis,respiratoria
800,polyarthritis rheumatoidea,respiratoria
801,review ,cardiaca
802,NP complete problems,genetica
803,bio computation,cardiaca
804,combinatorial problems,genetica
805,hardware embedded solutions,genetica
806,network based computation,genetica
807,subset sum problem ,genetica
808,Caco 2 permeability,genetica
809,Hepatotoxicity,genetica
810,Lowest observed effect level,cardiaca
811,No observed effect level,cardiaca
812,PBPK modeling ,respiratoria
813,casein phosphopeptide amorphous calcium fluoride phosphate,cardiaca
814,casein phosphopeptide amorphous calcium phosphate complex,respiratoria
815,fluoride,cardiaca
816,white spot lesions ,cardiaca
817,Alzheimer s disease,cardiaca
818,apolipoprotein E,genetica
819,bioenergetics,respiratoria
820,biosynthesis,cardiaca
821,brain resilience,respiratoria
822,diabetes,respiratoria
823,glycolysis ,respiratoria
824,endometrioma,respiratoria
825,endometriosis,respiratoria
826,fertility,respiratoria
827,infertility ,respiratoria
828,malnutrition,genetica
829,metabolic syndrome,cardiaca
830,nutrient deficiencies ,respiratoria
831,Enteral nutrition,cardiaca
832,Formula,genetica
833,Neoplasm,cardiaca
834,Nutritional status ,cardiaca
835,correctional nursing,respiratoria
836,forensic nursing,cardiaca
837,management,genetica
838,transformational leadership ,cardiaca
839,clinical trial,genetica
840,disease modifying therapy,cardiaca
841,drug repurposing,respiratoria
842,immune response,cardiaca
843,neuroinflammation ,genetica
844,Orthognathic surgery,genetica
845,perioperative care,cardiaca
846,postoperative complications ,genetica
847,Adulteration,cardiaca
848,Authenticity,cardiaca
849,Biomarkers,genetica
850,Food fingerprints,cardiaca
851,Food safety ,respiratoria
852,atherosclerosis,cardiaca
853,calcium,respiratoria
854,diabetes mellitus,cardiaca
855,insulin resistance,genetica
856,metabolic syndrome ,respiratoria
857,critical care,cardiaca
858,donor selection,respiratoria
859,extracorporeal life support,genetica
860,lung transplantation,genetica
861,mechanical ventilation,cardiaca
862,preoperative care,respiratoria
863,transplant recipients ,respiratoria
864,Adverse events,genetica
865,Background rates,genetica
866,COVID 19,cardiaca
867,Incidence rates,genetica
868,Surveillance,cardiaca
869,Vaccine safety ,respiratoria
870,CO2 methanation,genetica
871,Ni based catalysts,respiratoria
872,alloy nanoparticles,respiratoria
873,bimetallic catalysts,respiratoria
874,bimetallic synergy,cardiaca
875,promoters ,respiratoria
876,adaptation,cardiaca
877,attractors,genetica
878,decision making,cardiaca
879,learning,genetica
880,memory retrieval,genetica
881,network core and periphery,genetica
882,protein dynamics ,cardiaca
883,children and adolescents,respiratoria
884,in patient diabetes,cardiaca
885,other complications ,respiratoria
886,Collective action,respiratoria
887,computer mediated communication,cardiaca
888,identity,respiratoria
889,multidisciplinary research,respiratoria
890,networks,cardiaca
891,systematic literature review ,genetica
892,Biosynthetic gene cluster,cardiaca
893,Cyanobacterial natural products,cardiaca
894,Heterologous expression ,cardiaca
895,breast cancer,respiratoria
896,gene polymorphism,genetica
897,leptin,genetica
898,meta analysis ,cardiaca
899,CRISPR Cas9,genetica
900,QTLs,genetica
901,food crops,cardiaca
902,genome editing,genetica
903,genomics assisted breeding,respiratoria
904,malnutrition,respiratoria
905,nutritional quality,genetica
906,plant breeding ,cardiaca
907,ROS,cardiaca
908,dietary antioxidant,genetica
909,exercise,genetica
910,exercise induced adaptation,genetica
911,skeletal muscle ,respiratoria
912,Brugada syndrome,genetica
913,Brugada type 1 electrocardiogram,cardiaca
914,Sudden cardiac death ,respiratoria
915,amorphous,cardiaca
916,calorimetry,respiratoria
917,dispersion,cardiaca
918,indomethacin interactive mixtures,genetica
919,materials science,genetica
920,phase diagram,cardiaca
921,physical stability,genetica
922,polymeric drug carrier,respiratoria
923,polyvinylpyrrolidone,cardiaca
924,thermodynamics statistical mechanics ,respiratoria
925,squamous cell lung cancer,respiratoria
926,therapeutic options,respiratoria
927,unmet needs ,genetica
928,Ca ATPase SERCA 2 ,genetica
929,calcium,cardiaca
930,cardiomyocytes,respiratoria
931,cardiomyopathies,respiratoria
932,heart function,respiratoria
933,mitochondria,genetica
934,organoids model,respiratoria
935,sarcoplasmic reticulum ,cardiaca
936,carotenoids,genetica
937,flavonoids,genetica
938,inflammation,respiratoria
939,microbiome,respiratoria
940,pro oxidants,genetica
941,spices,respiratoria
942,stress,respiratoria
943,transcription factors,cardiaca
944,vitamins ,genetica
945,cancer,genetica
946,complementary medicine,respiratoria
947,flavonoids,respiratoria
948,honey,respiratoria
949,inflammation,genetica
950,tumor immunomodulation ,genetica
951,DNA damage,cardiaca
952,galenic formulation,cardiaca
953,inflammation,genetica
954,melatonin,respiratoria
955,oxidative stress,genetica
956,safety,respiratoria
957,sulfur and nitrogen mustard ,genetica
958,COVID 19,cardiaca
959,SARS CoV 2 vaccination,respiratoria
960,allergy,cardiaca
961,anaphylaxis,respiratoria
962,recommendations,genetica
963,vaccine ,respiratoria
964,GABAB,cardiaca
965,alcohol use disorder,genetica
966,anxiety,respiratoria
967,baclofen,cardiaca
968,mental health disorders,cardiaca
969,mood disorders ,cardiaca
970,Dermal graft,respiratoria
971,Diagnosis,cardiaca
972,Massive rotator cuff repair,respiratoria
973,Superior capsule reconstruction,genetica
974,Surgical technique ,genetica
975,antimicrobials,cardiaca
976,antioxidants,genetica
977,chickens,cardiaca
978,feed additives,respiratoria
979,gut health,genetica
980,tannins ,cardiaca
981,General transcription factor IIi GTF2I ,genetica
982,epigenetic,genetica
983,myasthenia gravis MG ,genetica
984,thymic carcinoma TC ,cardiaca
985,thymic epithelial tumor TET ,cardiaca
986,chronic liver disease,cardiaca
987,cirrhosis,cardiaca
988,thrombocytopenia,respiratoria
989,thrombopoietin ,cardiaca
990,CD40,respiratoria
991,IFN γ,cardiaca
992,cell signaling,respiratoria
993,endothelial,cardiaca
994,epithelial,cardiaca
995,macrophage ,cardiaca
996,FNA,respiratoria
997,international,respiratoria
998,standardisation,genetica
999,terminology,respiratoria
1000,thyroid ,genetica
1001,effects on diseases,respiratoria
1002,intolerance,cardiaca
1003,lactose,genetica
1004,maldigestion,respiratoria
1005,specific therapy ,cardiaca
1006,Abiotic stress,cardiaca
1007,Alternative oxidase AOX ,respiratoria
1008,biotic stress,respiratoria
1009,retrograde signaling ,respiratoria
1010,cancer stem cells,genetica
1011,drug treatment,cardiaca
1012,markers,cardiaca
1013,uveal melanoma ,cardiaca
1014,chemotherapy,cardiaca
1015,extent of resection,cardiaca
1016,low grade glioma therapy,genetica
1017,overall survival,cardiaca
1018,radiation ,cardiaca
1019,COVID 19,respiratoria
1020,Geriatrician,respiratoria
1021,Nursing home ,genetica
1022,P2X7 receptor,genetica
1023,arterial hypertension,respiratoria
1024,atherosclerosis,genetica
1025,inflammation,cardiaca
1026,myocardial infarction ,genetica
1027,Atopy,respiratoria
1028,Autoimmune,respiratoria
1029,Dysbiosis,cardiaca
1030,Dysmotility,cardiaca
1031,Eosinophil,cardiaca
1032,Functional dyspepsia,cardiaca
1033,Genetics,cardiaca
1034,Pathology,cardiaca
1035,Therapy ,cardiaca
1036,DNA repair,cardiaca
1037,apoptosis,cardiaca
1038,centrosome,genetica
1039,p53,respiratoria
1040,replication stress,cardiaca
1041,transcription independent,respiratoria
1042,transposition ,cardiaca
1043,T cell based immunotherapy,respiratoria
1044,bispecific antibody,respiratoria
1045,chimeric antigen receptor,cardiaca
1046,immunological synapse,cardiaca
1047,metabolism ,cardiaca
1048,Rheumatoid Arthritis,cardiaca
1049,autoantibodies,respiratoria
1050,cardiovascular diseases,genetica
1051,disease modifying antirheumatic drugs,respiratoria
1052,risk factors ,cardiaca
1053,ICP MS,cardiaca
1054,bioinformatics,genetica
1055,complex disease,cardiaca
1056,ionome,genetica
1057,ionomics ,respiratoria
1058,Maternal Health Services,cardiaca
1059,Maternal health,cardiaca
1060,Maternal mortality,cardiaca
1061,Postpartum care,respiratoria
1062,Pregnancy complications mortality,cardiaca
1063,extreme maternal morbidity,respiratoria
1064,health services,respiratoria
1065,pregnancy ,genetica
1066,Critical care,cardiaca
1067,Elderly,respiratoria
1068,Infection,respiratoria
1069,Intensive care unit,cardiaca
1070,Older adults,genetica
1071,Sepsis ,respiratoria
1072,immunoassay,cardiaca
1073,isothermal nucleic acid amplification,cardiaca
1074,lateral flow immunoassay,genetica
1075,molecular assay ,genetica
1076,anesthesia,respiratoria
1077,consensus,cardiaca
1078,intensive care,respiratoria
1079,mortality,genetica
1080,perioperative care ,genetica
1081,Biological processes,genetica
1082,CRISPR Cas9 genome editing,respiratoria
1083,Climate change induced abiotic stress,cardiaca
1084,Contaminated soils,cardiaca
1085,Metallicolous plants ,respiratoria
1086,COVID 19,genetica
1087,advanced care planning,genetica
1088,critical cardiovascular diseases,genetica
1089,resuscitation ,cardiaca
1090,analysis,respiratoria
1091,biochemistry,cardiaca
1092,electrophoresis,genetica
1093,microfluidic chips ,cardiaca
1094,Friedländer synthesis,genetica
1095,Povarov reaction,genetica
1096,Quinolines,genetica
1097,bioactivity,respiratoria
1098,microwave,cardiaca
1099,one pot reaction,genetica
1100,yield ,genetica
1101,Amsterdam positive,cardiaca
1102,Colorectal cancer,genetica
1103,FCCTX,respiratoria
1104,Familial cancer,genetica
1105,HNPCC,genetica
1106,MMR negative,respiratoria
1107,Microsatellite stable ,genetica
1108,Bariatric patient,respiratoria
1109,Complications,cardiaca
1110,Diagnosis,respiratoria
1111,Emergency department ,respiratoria
1112,HMGB1,respiratoria
1113,RAGE,genetica
1114,biomarker,respiratoria
1115,biomarqueur,cardiaca
1116,heart failure,respiratoria
1117,high mobility group box 1,cardiaca
1118,insuffisance cardiaque,respiratoria
1119,prognosis,respiratoria
1120,pronostic,genetica
1121,receptor for advanced glycation end products,cardiaca
1122,récepteur des produits finaux de glycation avancée,respiratoria
1123, high mobility group box 1 ,respiratoria
1124,acute phase reactions,cardiaca
1125,anti drug antibody ADA ,genetica
1126,biomarkers,genetica
1127,cytokine release,cardiaca
1128,immune complex assays,respiratoria
1129,immunogenicity,cardiaca
1130,monoclonal antibodies mAbs ,genetica
1131,Essential hypertension,respiratoria
1132,hypothalamus,cardiaca
1133,nitric oxide,respiratoria
1134,sympathetic overactivity ,respiratoria
1135,2D layered structure,genetica
1136,Advanced nanocarbons,respiratoria
1137,Co catalysts,genetica
1138,Integrated photoelectrodes,respiratoria
1139,Photoelectrochemical water splitting ,cardiaca
1140,effects on diseases,respiratoria
1141,intolerance,respiratoria
1142,lactose,cardiaca
1143,maldigestion,genetica
1144,specific therapy ,genetica
1145,adherence,respiratoria
1146,compliance,genetica
1147,epilepsy ,genetica
1148,Patient,genetica
1149,apps,respiratoria
1150,direct patient communication,genetica
1151,web applications ,respiratoria
1152,Epstein Barr virus EBV ,cardiaca
1153,Hematopoietic stem cell transplant,respiratoria
1154,Immunosuppression,cardiaca
1155,Post transplant lymphoproliferative disorder,respiratoria
1156,Rituximab,genetica
1157,Solid organ transplant ,respiratoria
1158,Acute coronary syndrome,genetica
1159,COVID 19,genetica
1160,Cardiac catheterization,cardiaca
1161,Health personnel,respiratoria
1162,Personal protective equipment,cardiaca
1163,ST elevation myocardial infarction ,cardiaca
1164,B cells,respiratoria
1165,T cells,genetica
1166,autoimmune disease,cardiaca
1167,dendritic cells,cardiaca
1168,macrophages,respiratoria
1169,supplementation,genetica
1170,vitamin D ,genetica
1171,Artificial intelligence dentistry,genetica
1172,Artificial neural networks,respiratoria
1173,Computer aided diagnosis,cardiaca
1174,Convolutional neural networks,genetica
1175,Deep learning models,respiratoria
1176,Machine learning ,cardiaca
1177,Alzheimer s disease,respiratoria
1178,Neurodegenerative,genetica
1179,Perkinson s disease,respiratoria
1180,Prions,cardiaca
1181,Protein misfolding ,cardiaca
1182,Antibacterial activity,genetica
1183,Antifungal activity,genetica
1184,Chitosan coatings,genetica
1185,Chitosan films,respiratoria
1186,Essential oils,genetica
1187,Food package ,cardiaca
1188,hyperleukocytic leukemia,cardiaca
1189,hyperleukocytosis,genetica
1190,leukapheresis,genetica
1191,leukostasis ,cardiaca
1192,3 D,respiratoria
1193,brain organoids,cardiaca
1194,neurological disease,respiratoria
1195,neuronal development,genetica
1196,stem cell ,cardiaca
1197,Antioxidants,genetica
1198,EMF,genetica
1199,Oxidative stress,cardiaca
1200,ROS ,cardiaca
1201,Cesarean delivery anesthesia,genetica
1202,Epidural analgesia,cardiaca
1203,Epidural labor analgesia,respiratoria
1204,Intrapartum cesarean delivery anesthesia,respiratoria
1205,Obstetric anesthesia ,genetica
1206,B cells,genetica
1207,memory B cells,genetica
1208,multiple sclerosis,cardiaca
1209,multiple sclerosis drug therapy,genetica
1210,neuroinflammation ,cardiaca
1211,cancer therapy,cardiaca
1212,cell cycle,genetica
1213,nanoparticles NPs ,cardiaca
1214,Community health,cardiaca
1215,Ecosystem services,cardiaca
1216,Gardening,cardiaca
1217,Indicators,genetica
1218,Lifestyle,genetica
1219,Urban soils ,respiratoria
1220,Cardiocerebrovascular disease,genetica
1221,Diagnosis and prognosis,genetica
1222,Long noncoding RNA ,cardiaca
1223,islam,genetica
1224,pakistan,respiratoria
1225,risk factors,genetica
1226,suicide ,cardiaca
1227,Dental implant,cardiaca
1228,edentulous,genetica
1229,overdentures,genetica
1230,rehabilitation ,cardiaca
1231,3 UTRs 3 untranslated regions,genetica
1232,BC breast cancer,genetica
1233,Breast cancer,respiratoria
1234,CSC cancer stem cell,respiratoria
1235,IL 6 interleukin 6,respiratoria
1236,JAK Janus protein tyrosine kinase,respiratoria
1237,Let 7,cardiaca
1238,Metastasis,cardiaca
1239,NF nuclear factor,genetica
1240,SNPs single nucleotide polymorphisms,respiratoria
1241,STAT3 signal transducer and activator of transcription 3,respiratoria
1242,Stemness,genetica
1243,miRNA,respiratoria
1244,miRNAs MicroRNAs ,cardiaca
1245,Canada,genetica
1246,Exercise,cardiaca
1247,Indigenous population,respiratoria
1248,Intervention,cardiaca
1249,Physical activity ,genetica
1250,Mohs surgery,cardiaca
1251,antibiotic prophylaxis,cardiaca
1252,periorbital surgery,respiratoria
1253,risk factors,respiratoria
1254,surgical site infection ,respiratoria
1255,Biological application,cardiaca
1256,Dendrimers,genetica
1257,Nanomedicine,respiratoria
1258,Nanotechnology ,genetica
1259,certification,genetica
1260,comorbidity,cardiaca
1261,intracranial hemorrhages,genetica
1262,neuroimaging,genetica
1263,stroke ,genetica
1264,Alveolectomy,cardiaca
1265,Pain Management,respiratoria
1266,Pain Postoperative,cardiaca
1267,Third Molar ,genetica
1268,Blood pressure,cardiaca
1269,Clinical trials,genetica
1270,Intensive care,cardiaca
1271,Scoping review,cardiaca
1272,Shock,cardiaca
1273,Vasopressor ,genetica
1274,bulliform cells,genetica
1275,cell proliferation,cardiaca
1276,cell wall integrity,genetica
1277,homeostasis,genetica
1278,phytohormones ,genetica
1279,beta lactam resistance,respiratoria
1280,community acquired infection,genetica
1281,enterobacteria infection,cardiaca
1282,multi drug resistant bacteria,genetica
1283,risk factor,cardiaca
1284,systematic review ,respiratoria
1285,S nitrosylation,genetica
1286,homeostasis,cardiaca
1287,nitric oxide,respiratoria
1288,transnitrosylation ,cardiaca
1289,Bearing design,respiratoria
1290,Fixation technique,genetica
1291,Implant survivorship,cardiaca
1292,Revision surgery,cardiaca
1293,Unicompartmental knee arthroplasty ,respiratoria
1294,activity based probes,cardiaca
1295,activity based protein profiling,cardiaca
1296,bioorthogonal chemistry,cardiaca
1297,chemoselective ligation,cardiaca
1298,click chemistry,genetica
1299,covalent inhibitors,genetica
1300,enzyme probes,respiratoria
1301,target identification ,respiratoria
1302,Cell signaling,cardiaca
1303,Computational modeling,genetica
1304,Cytoskeletal remodeling,respiratoria
1305,Growth and remodeling,cardiaca
1306,Migration,respiratoria
1307,Tissue engineering ,respiratoria
1308,breast cancer,genetica
1309,diversity,genetica
1310,gut microbiota,cardiaca
1311,microbiome ,respiratoria
1312,apalutamide,respiratoria
1313,darolutamide,respiratoria
1314,enzalutamide,cardiaca
1315,non metastatic castration resistant prostate cancer,genetica
1316,second generation androgen receptor inhibitors ,cardiaca
1317,CRISPR,genetica
1318,Cas12a,genetica
1319,Cas13,genetica
1320,Cas9,respiratoria
1321,Diagnostic detection,respiratoria
1322,Genome editing,genetica
1323,Transcriptional repression ,cardiaca
1324,Aspergillus fumigatus,cardiaca
1325,Azole resistance,cardiaca
1326,Drug resistance mechanism,respiratoria
1327,Invasive aspergillosis ,cardiaca
1328,Biosimilars,cardiaca
1329,biologicals,cardiaca
1330,nocebo effect,respiratoria
1331,non medical switch,respiratoria
1332,switching ,respiratoria
1333,Allostery,genetica
1334,Amino acid network,respiratoria
1335,Covalent modification,cardiaca
1336,Domain insertion,genetica
1337,Energy landscape,genetica
1338,Protein engineering,respiratoria
1339,Protein regulation ,cardiaca
1340,Ficus carica,cardiaca
1341,Nanotechnology,respiratoria
1342,Palladium nanoparticles,genetica
1343,Silver nanoparticles,cardiaca
1344,Stannic oxide nanoparticles ,cardiaca
1345,eosinophilic esophagitis EoE ,cardiaca
1346,esophageal atresia EA ,respiratoria
1347,gastroesophageal reflux,respiratoria
1348,pediatrics,genetica
1349,stricture ,cardiaca
1350,Disease activity,genetica
1351,Extracutaneous involvement,genetica
1352,Juvenile localized scleroderma,cardiaca
1353,Morphea,respiratoria
1354,Pediatric scleroderma,cardiaca
1355,Treatment ,respiratoria
1356,Atrial fibrillation,genetica
1357,Inflammation,cardiaca
1358,Tumor,genetica
1359,Tumor suppressor genes ,genetica
1360,COVID 19,genetica
1361,MDA5,respiratoria
1362,RIG I,cardiaca
1363,RIG I like receptor,cardiaca
1364,antivirals,cardiaca
1365,coronavirus ,respiratoria
1366,education training see medical education training ,respiratoria
1367,medical education training ,cardiaca
1368,SENP,genetica
1369,SUMO,respiratoria
1370,cancer,genetica
1371,desumoylation,cardiaca
1372,sumoylation,genetica
1373,targets of therapy ,genetica
1374,Balance,genetica
1375,Cerebral Palsy,respiratoria
1376,Hand Function,respiratoria
1377,Kinesio Taping,cardiaca
1378,Motor Function ,respiratoria
1379,Biclustered independent component analysis B ICA ,cardiaca
1380,Independent component analysis ICA ,respiratoria
1381,Multivariate analysis,genetica
1382,Nonlinear independent component analysis NICE ,genetica
1383,Source based morphometry SBM ,respiratoria
1384,Univariate analysis,respiratoria
1385,Voxel based morphometry VBM ,genetica
1386,Fontan failure,cardiaca
1387,cardiac tissue engineering,respiratoria
1388,hypoplastic left heart syndrome,cardiaca
1389,mechanical assist devices,respiratoria
1390,right ventricular dysfunction,respiratoria
1391,single ventricle disease,genetica
1392,stem cell therapies ,respiratoria
1393,CYP19A1,respiratoria
1394,ESR2,respiratoria
1395,endometriosis,genetica
1396,expression,respiratoria
1397,genes,cardiaca
1398,polymorphism ,cardiaca
1399,Complications,genetica
1400,Devices,cardiaca
1401,Postoperative knee,cardiaca
1402,Radiograph,respiratoria
1403,Surgery ,cardiaca
1404,Apoptosis,cardiaca
1405,Cardiomyocyte I R injury,genetica
1406,Fusion,cardiaca
1407,Mitochondrial death,cardiaca
1408,Mitochondrial fission,respiratoria
1409,Mitochondrial quality control,genetica
1410,Mitophagy,genetica
1411,Necroptosis ,genetica
1412,bariatric surgery,genetica
1413,endocrine dysfunctions,genetica
1414,gastrointestinal hormones,respiratoria
1415,obesity ,genetica
1416,Jmax,genetica
1417,Vcmax,respiratoria
1418,drought acclimation,respiratoria
1419,flux measurement,genetica
1420,land surface model,genetica
1421,mesophyll conductance,genetica
1422,photosynthesis,respiratoria
1423,stomatal and non stomatal limitation ,genetica
1424,cancer exercise,genetica
1425,cancer survivors,respiratoria
1426,community based exercise,respiratoria
1427,physical activity ,respiratoria
1428,Antimicrobial peptides,cardiaca
1429,Bioengineering,genetica
1430,Genetic circuits,respiratoria
1431,Living medicines,genetica
1432,Probiotics,genetica
1433,Synthetic biology ,cardiaca
1434,expression pattern,cardiaca
1435,neurological diseases,genetica
1436,neuronal function,genetica
1437,p21 activated kinases,genetica
1438,synaptic cytoskeletal remodeling ,respiratoria
1439,Biliary tract,respiratoria
1440,cancer,cardiaca
1441,diagnosis,cardiaca
1442,incidence,genetica
1443,multidisciplinary treatment ,cardiaca
1444,Accuracy,genetica
1445,Bladder cancer,cardiaca
1446,Frozen section,respiratoria
1447,Radical cystectomy,respiratoria
1448,Urothelial carcinoma ,genetica
1449,bioengineering general ,cardiaca
1450,cardiovascular,respiratoria
1451,disease modeling,cardiaca
1452,iPSC,cardiaca
1453,tissue chip ,cardiaca
1454,Cardiovascular diseases,cardiaca
1455,Clinical indications,genetica
1456,Cyclic guanosine monophosphate cGMP ,cardiaca
1457,Pharmacological inhibitors,genetica
1458,Phosphodiesterase 5 PDE5 ,genetica
1459,Therapeutic applications ,cardiaca
1460,imaging,cardiaca
1461,nanocolloids,respiratoria
1462,nanoemulsions,genetica
1463,nanomedicine,respiratoria
1464,perfluorocarbons,cardiaca
1465,preservation,cardiaca
1466,quality by design,respiratoria
1467,regenerative medicine,genetica
1468,theranostics,cardiaca
1469,transplantation ,genetica
1470,autophagy,respiratoria
1471,baicalin,cardiaca
1472,cordycepin,genetica
1473,coronavirus,genetica
1474,immunoproteasome,respiratoria
1475,inflammation,genetica
1476,kaempferol,respiratoria
1477,quercetin,cardiaca
1478,resveratrol ,cardiaca
1479,EZH2,respiratoria
1480,cancer biology,cardiaca
1481,cancer immunology,genetica
1482,epigenetics ,genetica
1483,monoclonal antibody,cardiaca
1484,natalizumab,respiratoria
1485,progressive multifocal leukoencephalopathy ,cardiaca
1486,Finger amputation,cardiaca
1487,Fingers,cardiaca
1488,Pathological grief,cardiaca
1489,Secondary amputation,cardiaca
1490,Work accident ,cardiaca
1491,Interstitial lung disease,respiratoria
1492,Mortality,cardiaca
1493,Nintedanib,respiratoria
1494,Pirfenidone,respiratoria
1495,Therapeutics,cardiaca
1496,Treatment ,cardiaca
1497,Cognition,cardiaca
1498,Dementia,genetica
1499,Depression,genetica
1500,ECT,genetica
1501,Electroconvulsive therapy,cardiaca
1502,Geriatric,genetica
1503,Parkinson s ,respiratoria
1504,CLL,respiratoria
1505,Progression free,genetica
1506,front line,cardiaca
1507,survival,cardiaca
1508,targeted therapy ,genetica
1509,Carbohydrate sulfotransferase 15,respiratoria
1510,Chondroitin sulfate E,cardiaca
1511,Fibroblasts,respiratoria
1512,Pulmonary fibrosis,genetica
1513,Small interfering RNA ,genetica
1514,acne,cardiaca
1515,androgen receptor,genetica
1516,androgenetic alopecia,cardiaca
1517,androgens,respiratoria
1518,combined oral contraceptive,cardiaca
1519,congenital adrenal hyperplasia,genetica
1520,dutasteride,respiratoria
1521,female pattern hair loss,cardiaca
1522,finasteride,genetica
1523,flutamide,cardiaca
1524,hirsutism,genetica
1525,polycystic ovary syndrome,cardiaca
1526,spironolactone ,respiratoria
1527,Brønsted base catalysis,cardiaca
1528,C H functionalization,genetica
1529,asymmetric catalysis,respiratoria
1530,dienolates,genetica
1531,regioselectivity ,genetica
1532,Biomass,respiratoria
1533,Optimization,genetica
1534,Pyrolysis,genetica
1535,Soil remediation ,respiratoria
1536,Empirical statistical models,cardiaca
1537,Exposure modeling,respiratoria
1538,Volatile organic compounds ,genetica
1539,Arteriovenous malformation,respiratoria
1540,Congenital vascular anomaly,cardiaca
1541,Hemangioma,genetica
1542,High flow vascular malformation,respiratoria
1543,Superselective embolization ,respiratoria
1544,Acute on chronic liver failure ACLF,respiratoria
1545,Bacterial translocation,cardiaca
1546,Microbiome,cardiaca
1547,Portal hypertension,genetica
1548,Systemic inflammation ,cardiaca
1549,Endophytic fungi,cardiaca
1550,Fusarium species,genetica
1551,biological activities,cardiaca
1552,secondary metabolites ,genetica
1553,3D bioprinting,respiratoria
1554,alginate,cardiaca
1555,bioink,cardiaca
1556,tissue engineering ,cardiaca
1557,advanced heart failure,cardiaca
1558,catheter ablation,cardiaca
1559,left ventricular assist devices,genetica
1560,mechanical circulatory support,respiratoria
1561,ventricular arrhythmias ,cardiaca
1562,Chronic inflammation,cardiaca
1563,Human papilloma virus,cardiaca
1564,Occupational exposure,respiratoria
1565,Sinonasal inverted papilloma,genetica
1566,Smoking ,respiratoria
1567,ACTH,genetica
1568,Cushing s disease,genetica
1569,Diagnostic accuracy,genetica
1570,Equine,cardiaca
1571,PPID ,respiratoria
1572,Cancer of unknown primary,genetica
1573,Immunohistochemistry,cardiaca
1574,Molecular profiling ,cardiaca
1575,drug therapy,cardiaca
1576,lateral trunk flexion,genetica
1577,posture,respiratoria
1578,rehabilitation,cardiaca
1579,surgery ,genetica
1580,Hyperthyroidism,cardiaca
1581,Hypothyroidism,respiratoria
1582,Iodine Deficiency,respiratoria
1583,Pregnancy and Thyroid,cardiaca
1584,Prevention,genetica
1585,Smoking,cardiaca
1586,Thyroid Cancer,respiratoria
1587,Thyroid Disease ,cardiaca
1588,Mentha spp ,respiratoria
1589,antibiofilm,genetica
1590,antifungal,genetica
1591,antioxidant,genetica
1592,essential oil,cardiaca
1593,toxicity ,genetica
1594,Chemical composition of food,respiratoria
1595,Dairy product,respiratoria
1596,Food chain,genetica
1597,Food quality,cardiaca
1598,Hypo magnesemia,respiratoria
1599,Magnesium,cardiaca
1600,Magnesium bioavailability,genetica
1601,Meat,respiratoria
1602,Nutrient availability,cardiaca
1603,Nutrition,cardiaca
1604,Plant products ,genetica
1605,Clinical Trials,respiratoria
1606,Dentistry,genetica
1607,Multicenter Study,genetica
1608,Multilevel Analysis ,cardiaca
1609,aesthetic medicine,genetica
1610,lipolysis,respiratoria
1611,noninvasive ,genetica
1612,ADHD,cardiaca
1613,Course,genetica
1614,Development,genetica
1615,Late onset,cardiaca
1616,Persistence ,respiratoria
1617,FMD,respiratoria
1618,early detection,respiratoria
1619,exclusion testing,genetica
1620,surveillance,respiratoria
1621,transboundary disease ,genetica
1622,Opioid,cardiaca
1623,Oxycodone,cardiaca
1624,Pain,respiratoria
1625,Pathomechanism,cardiaca
1626,Restless legs syndrome,respiratoria
1627,Therapy ,respiratoria
1628,Antidepressant,cardiaca
1629,Depression,respiratoria
1630,Diagnosis,genetica
1631,Medical and neurologic comorbidity,genetica
1632,Older adults,cardiaca
1633,Prevention of dementia,respiratoria
1634,Treatment ,cardiaca
1635,cicatrix,cardiaca
1636,review,respiratoria
1637,scar,cardiaca
1638,tape ,cardiaca
1639,Fetoscopic selective laser coagulation,cardiaca
1640,Monochorionic pregnancy,respiratoria
1641,Twin anemia polycythemia sequence,respiratoria
1642,Twin twin transfusion syndrome ,genetica
1643,Systematic Literature Network Analysis,genetica
1644,change management,cardiaca
1645,healthcare,respiratoria
1646,literature review,cardiaca
1647,organizational change ,genetica
1648,APT MRI,respiratoria
1649,Biomarkers,cardiaca
1650,LITT,genetica
1651,Radiation necrosis,genetica
1652,Radiosurgery,cardiaca
1653,VEGF ,genetica
1654,artificial intelligence,cardiaca
1655,deep learning,cardiaca
1656,field phenotyping,respiratoria
1657,high throughput phenotyping,genetica
1658,image based phenotyping,respiratoria
1659,plant phenomics ,genetica
1660,111In,genetica
1661,Auger electrons,genetica
1662,Cancer treatment,cardiaca
1663,Clinical studies,cardiaca
1664,Dosimetry,cardiaca
1665,Monoclonal antibodies,cardiaca
1666,Nanoparticles,cardiaca
1667,Peptides,genetica
1668,Preclinical studies,cardiaca
1669,Radiolabelling ,genetica
1670,Biomaterials,genetica
1671,Bone regeneration,genetica
1672,Fibronectin,respiratoria
1673,Regenerative medicine,cardiaca
1674,Tissue engineering ,genetica
1675,Angiogenesis,respiratoria
1676,cerebral hypoperfusion,respiratoria
1677,encephalo myo synangiosis,genetica
1678,endothelial progenitor cells,genetica
1679,high mobility group box 1,respiratoria
1680,revascularization,respiratoria
1681,vascular endothelial growth factor ,respiratoria
1682,B cell lymphoma,cardiaca
1683,germinal center,respiratoria
1684,lymphomagenesis,cardiaca
1685,nuclear factor κB,respiratoria
1686,therapeutic ,genetica
1687,calcium content,genetica
1688,functional properties,genetica
1689,pasta filata cheese,cardiaca
1690,stretching temperature ,genetica
1691,Milrinone,cardiaca
1692,Neonates,genetica
1693,Nitric oxide,respiratoria
1694,Phosphodiesterase,respiratoria
1695,Pulmonary hypertension ,cardiaca
1696,Inflammation,cardiaca
1697,Myeloid derived suppressor cells MDSCs ,respiratoria
1698,rheumatoid arthritis RA ,genetica
1699,Carbonic anhydrase inhibitors,genetica
1700,Idiopathic intracranial hypertension,genetica
1701,Topiramate,respiratoria
1702,Ventriculoperitoneal shunt ,genetica
1703,CRISPR Cas,genetica
1704,Cell based therapy,genetica
1705,Genome engineering,respiratoria
1706,Immunotherapy,cardiaca
1707,Lipofection,genetica
1708,NK cells,respiratoria
1709,Nonviral,respiratoria
1710,Nucleofection,cardiaca
1711,Transposon ,respiratoria
1712,Children,genetica
1713,Complications,respiratoria
1714,Feeding tube,respiratoria
1715,Gastrojejunostomy,cardiaca
1716,Gastrostomy,cardiaca
1717,Interventional radiology,respiratoria
1718,Percutaneous,respiratoria
1719,Stomach ,cardiaca
1720,Integrated care systems,respiratoria
1721,cancer,respiratoria
1722,enhanced recovery,genetica
1723,perioperative care,respiratoria
1724,prehabilitation ,cardiaca
1725,Crohn s disease,respiratoria
1726,prebiotic,respiratoria
1727,probiotic,cardiaca
1728,synbiotic,respiratoria
1729,ulcerative colitis ,genetica
1730,COVID 19,cardiaca
1731,Drug safety,genetica
1732,Hydroxychloroquine,genetica
1733,Novel coronavirus,respiratoria
1734,Prophylaxis,respiratoria
1735,QTc prolongation,cardiaca
1736,SARS CoV 2 ,genetica
1737,Advanced imaging,respiratoria
1738,Esophageal anatomy,cardiaca
1739,Microvasculature,genetica
1740,Per oral endoscopic myotomy,genetica
1741,Submucosal endoscopy ,respiratoria
1742,Infrared spectroscopy,genetica
1743,Label free imaging technology,genetica
1744,Mass spectrometry,cardiaca
1745,Mechanism research,genetica
1746,Raman spectrum ,respiratoria
1747,agmatine,respiratoria
1748,ascorbic acid,respiratoria
1749,creatine,genetica
1750,fast acting antidepressant,respiratoria
1751,guanosine,respiratoria
1752,ketamine ,genetica
1753,Newborn,respiratoria
1754,Child,genetica
1755,Infant,respiratoria
1756,Tracheostomy ,cardiaca
1757,Complications after transplantation,genetica
1758,Duodenal leak,genetica
1759,Simultaneous pancreas kidney transplant,respiratoria
1760,Type 1 diabetes mellitus ,respiratoria
1761,antibacterial activity evaluation,respiratoria
1762,dental composite,respiratoria
1763,in vitro cytotoxicity assessments,cardiaca
1764,mechanical properties,genetica
1765,methods of characterizations,genetica
1766,self healing efficacy ,cardiaca
1767,Alzheimer s disease,genetica
1768,Amyloid β,cardiaca
1769,Naturally occurring bioactive molecule,respiratoria
1770,Oxidative stress,respiratoria
1771,Reactive oxygen species,genetica
1772,Tau hyper phosphorylation ,respiratoria
1773,United Nations,respiratoria
1774,animal health,cardiaca
1775,antimicrobial resistance,respiratoria
1776,climate change,genetica
1777,food safety,genetica
1778,food security,respiratoria
1779,foodborne illness,genetica
1780,human health,genetica
1781,sustainable development ,cardiaca
1782,Host immunity,respiratoria
1783,Renal diseases,genetica
1784,SLRPs,respiratoria
1785,TLR 2 4 ,cardiaca
1786,Clinical presentation,cardiaca
1787,Gastrointestinal stromal tumors GIST ,cardiaca
1788,Brain,cardiaca
1789,Cognitive,respiratoria
1790,Cytokine,respiratoria
1791,Hepatitis C,cardiaca
1792,Quasispecies ,genetica
1793,Alcohol ablation,cardiaca
1794,Bipolar RF ablation,cardiaca
1795,Coil embolization,cardiaca
1796,Simultaneous unipolar RF ablation,respiratoria
1797,Stereotactic ablative radiosurgery,respiratoria
1798,Surgical ablation,cardiaca
1799,Ventricular tachycardia ,genetica
1800,KIR,cardiaca
1801,NK cells,genetica
1802,Ankylosing spondylitis,genetica
1803,Biologic treatment,respiratoria
1804,Psoriatic arthritis ,cardiaca
1805,ABC transporters,respiratoria
1806,Bioactive lipids,respiratoria
1807,Cancer stem cells,genetica
1808,Lipid metabolism ,cardiaca
1809,Diagnosis,respiratoria
1810,Endometriosis,genetica
1811,MR imaging,respiratoria
1812,Rectosigmoid endometriosis,cardiaca
1813,Rectosigmoid opacification ,cardiaca
1814,bedside cardiac ultrasound,respiratoria
1815,echocardiography,respiratoria
1816,functional,respiratoria
1817,intensive care,genetica
1818,neonatology,cardiaca
1819,pediatric,genetica
1820,point of care,genetica
1821,target ,respiratoria
1822,Artificial intelligence,cardiaca
1823,Computer aided detection,genetica
1824,Computer aided diagnosis,genetica
1825,Quality,cardiaca
1826,Upper and lower gastrointestinal tract ,cardiaca
1827,AMPK,genetica
1828,Ageing,genetica
1829,FOXO,genetica
1830,Intestinal stem cells,respiratoria
1831,Wnt,respiratoria
1832,mTORC1 ,genetica
1833,Peptide Nucleic Acids,respiratoria
1834,anti miR therapy,genetica
1835,anti miRs,respiratoria
1836,anti sense,cardiaca
1837,antigene,cardiaca
1838,antisense therapy,respiratoria
1839,gene editing,genetica
1840,gene therapy,respiratoria
1841,nanoparticles,cardiaca
1842,oncomiRs ,genetica
1843,cancer,genetica
1844,epithelial mesenchymal transition,cardiaca
1845,long non coding RNAs,genetica
1846,microRNAs,cardiaca
1847,tumor microenvironment,respiratoria
1848,vasculogenic mimicry ,genetica
1849,allergy,respiratoria
1850,fat,genetica
1851,feeding,respiratoria
1852,infant formula,respiratoria
1853,medium chain triglycerides ,respiratoria
1854,BDNF,cardiaca
1855,cytoskeleton dynamics,respiratoria
1856,dendritic growth,cardiaca
1857,membrane trafficking,respiratoria
1858,signaling ,respiratoria
1859,Biomarkers,cardiaca
1860,Cardiovascular disease,genetica
1861,Risk assessment,respiratoria
1862,Statins ,respiratoria
1863,amyotrophic lateral sclerosis,genetica
1864,antisense nucleotides,genetica
1865,nutrition,genetica
1866,riluzole,genetica
1867,symptomatic therapy,genetica
1868,ventilation ,cardiaca
1869,ethics,cardiaca
1870,online psychotherapy,cardiaca
1871,technology,cardiaca
1872,telepsychiatry,genetica
1873,telepsychology ,respiratoria
1874,Schwann cell,cardiaca
1875,mechanobiology,respiratoria
1876,mechanosensor,respiratoria
1877,mechanotransducer,cardiaca
1878,myelin,respiratoria
1879,peripheral nerve ,respiratoria
1880,Fine needle aspiration cytology,genetica
1881,Review,genetica
1882,Thailand,respiratoria
1883,The Bethesda System for Reporting Thyroid Cytopathology TBSRTC ,genetica
1884,Thyroid fine needle aspiration ,respiratoria
1885,cardiac imaging,respiratoria
1886,computer aided diagnosis,genetica
1887,machine learning,genetica
1888,myocardial motion,respiratoria
1889,myocardial strain ,respiratoria
1890,Antibiotic prophylaxis,cardiaca
1891,developing world surgery,respiratoria
1892,safe surgery,cardiaca
1893,surgical mission,genetica
1894,surgical site infection ,respiratoria
1895,Cardiorenal medicine,cardiaca
1896,Chronic kidney disease,respiratoria
1897,Enfermedad renal crónica,genetica
1898,Heart failure,respiratoria
1899,Insuficiencia cardíaca,respiratoria
1900,Medicina cardiorrenal ,respiratoria
1901,Androgen receptor repeats,respiratoria
1902,Androgens,cardiaca
1903,Biomarker,respiratoria
1904,Colorectal cancer,respiratoria
1905,Estrogen receptors,genetica
1906,Risk prediction,respiratoria
1907,Sertoli cells,respiratoria
1908,Testosterone ,respiratoria
1909,Breast feeding,genetica
1910,Efficiency,genetica
1911,Lactation,cardiaca
1912,Workplace ,cardiaca
1913,Lewis acidity,genetica
1914,boranes,cardiaca
1915,copper,cardiaca
1916,palladium,genetica
1917,stannanes ,respiratoria
1918,data processing,respiratoria
1919,gel based proteomics,cardiaca
1920,gel free proteomics,genetica
1921,glycation,genetica
1922,glycosylation,cardiaca
1923,phosphorylation,respiratoria
1924,post translational modifications,respiratoria
1925,proteomics ,cardiaca
1926,Acidic extracellular pH,cardiaca
1927,Glutamine metabolism,cardiaca
1928,Glycolysis,cardiaca
1929,Warburg effect ,cardiaca
1930,Classification algorithm,cardiaca
1931,Computer aided diagnosis,cardiaca
1932,Machine learning,respiratoria
1933,Neurological disorder ,respiratoria
1934,Coronary artery disease,respiratoria
1935,Coronary circulation,cardiaca
1936,Fractional flow reserve,respiratoria
1937,Instantaneous wave free ratio ,respiratoria
1938,Alpha linolenic acid ALA ,respiratoria
1939,Dietary supplement,cardiaca
1940,Docosahexaenoic acid DHA ,respiratoria
1941,Eicosapentaenoic acid EPA ,genetica
1942,Ethyl ester EE ,genetica
1943,Fatty acid FA ,genetica
1944,Free FA FFA ,cardiaca
1945,Linoleic acid LA ,cardiaca
1946,Omega 3 FA n 3FA ,genetica
1947,Triglycerides TG ,genetica
1948,Axial spondyloarthritis,genetica
1949,Biologics,cardiaca
1950,IL 17,cardiaca
1951,Psoriasis,genetica
1952,Psoriatic arthritis,cardiaca
1953,Secukinumab ,genetica
1954,Fluoride,respiratoria
1955,collagen synthesis disruption,genetica
1956,enzyme inhibition,respiratoria
1957,tubular degeneration ,respiratoria
1958,Africa,respiratoria
1959,Belt and Road Initiative,genetica
1960,China aid,respiratoria
1961,Cooperation,respiratoria
1962,Public health ,cardiaca
1963,cryptosporidium,genetica
1964,genome,respiratoria
1965,genotyping,genetica
1966,multiplicity of infection,respiratoria
1967,public health,genetica
1968,sequencing ,genetica
1969,Alzheimer s disease,cardiaca
1970,Parkinson s disease,respiratoria
1971,nanotechnology nanomaterials,cardiaca
1972,nanozymes,cardiaca
1973,oxidative stress ,genetica
1974,Dementia,cardiaca
1975,Hearing impairment,respiratoria
1976,Meta analysis,genetica
1977,Mild cognitive impairment ,cardiaca
1978,androgen receptor,cardiaca
1979,androgens,respiratoria
1980,fetal development,respiratoria
1981,fetal growth,cardiaca
1982,glucocorticoid receptor,cardiaca
1983,glucocorticoids,genetica
1984,placenta,respiratoria
1985,pregnancy,respiratoria
1986,sex differences,respiratoria
1987,steroid hormone signaling ,cardiaca
1988,Acute myeloid leukaemia,genetica
1989,Biomarkers,cardiaca
1990,Checkpoint inhibitor,cardiaca
1991,Clinical trial,genetica
1992,Myelodysplastic syndrome ,cardiaca
1993,cardiac regeneration,respiratoria
1994,endothelium,genetica
1995,vascular ,genetica
1996,caffeic acid,respiratoria
1997,caffeine,genetica
1998,cancer progression,respiratoria
1999,chlorogenic acid,cardiaca
2000,coffee,respiratoria
2001,colorectal cancer,cardiaca
2002,kahweol ,cardiaca
2003,health education and promotion,genetica
2004,health policy,cardiaca
2005,review ,respiratoria
2006,Hemoglobin Hb ,genetica
2007,Point Of Care POC ,respiratoria
2008,Red Blood Cells RBCs ,cardiaca
2009,Sickle Cell Anemia SCA ,respiratoria
2010,Sickle Cell Disease SCD ,genetica
2011,Sickle Cell Trait SCT ,genetica
2012,Alkaloid,cardiaca
2013,Cholesterol,respiratoria
2014,Fat,genetica
2015,Obesity,cardiaca
2016,Phenolic acid ,respiratoria
2017,Academic detailing,respiratoria
2018,Clinical education,cardiaca
2019,Medication management ,respiratoria
2020,C reactive protein,cardiaca
2021,chronic inflammatory diseases,respiratoria
2022,interleukin 1 beta,respiratoria
2023,interleukin 6,cardiaca
2024,testosterone,cardiaca
2025,tumor necrosis factor alpha ,cardiaca
2026,COVID 19,respiratoria
2027,Rheumatoid arthritis,genetica
2028,mental health,respiratoria
2029,physical activity,genetica
2030,psychological wellbeing,genetica
2031,sedentary behaviour ,respiratoria
2032,AT1R,cardiaca
2033,Angiotensin II,respiratoria
2034,hypertension,genetica
2035,rational design,respiratoria
2036,sartans ,genetica
2037,Culture,cardiaca
2038,compulsions,cardiaca
2039,education,cardiaca
2040,obsessive compulsive disorder,genetica
2041,predominant,cardiaca
2042,psychosocial,genetica
2043,trajectory,respiratoria
2044,treatment ,genetica
2045,bacteria,respiratoria
2046,blood brain barrier,respiratoria
2047,blood cerebrospinal fluid barrier,genetica
2048,meningitis,genetica
2049,virulence factor ,respiratoria
2050,Care delivery needs of patients,cardiaca
2051,Clinician performance,cardiaca
2052,Objective workload,cardiaca
2053,Task demand,genetica
2054,Workload ,respiratoria
2055,blood barriers,cardiaca
2056,celiac disease,cardiaca
2057,gluten,genetica
2058,gluten free,genetica
2059,inflammation,genetica
2060,leaky brain,cardiaca
2061,leaky gut,genetica
2062,metabolic interactome,cardiaca
2063,microbiome,respiratoria
2064,microbiota,cardiaca
2065,microbiota gut brain axis ,respiratoria
2066,Enthesitis,genetica
2067,Psoriatic arthritis,cardiaca
2068,Spondyloarthritis,respiratoria
2069,Ultrasound ,cardiaca
2070,adaptation,cardiaca
2071,influenza,respiratoria
2072,phylogenetics,genetica
2073,reassortment ,genetica
2074,Crotalus durissus,respiratoria
2075,Crotalus durissus ruruima,genetica
2076,antivenom,genetica
2077,envenoming,genetica
2078,rattlesnake,cardiaca
2079,snakebite,respiratoria
2080,venom ,respiratoria
2081,Aggression,genetica
2082,Anger,respiratoria
2083,Female to male,cardiaca
2084,FtM,genetica
2085,Gender affirming hormone therapy,cardiaca
2086,Hostility,respiratoria
2087,Testosterone,cardiaca
2088,Trans men,respiratoria
2089,Transgender,respiratoria
2090,Transgender persons ,respiratoria
2091,MitraClip,genetica
2092,echocardiography,cardiaca
2093,mitral regurgitation,respiratoria
2094,percutaneous mitral valve repair ,cardiaca
2095,Aromatic compounds,cardiaca
2096,Biotransformation,respiratoria
2097,Cyanobacteria,cardiaca
2098,Metabolic relations,cardiaca
2099,Metabolic response ,cardiaca
2100,and neuronal injury,respiratoria
2101,neurological emergency,respiratoria
2102,new onset refractory status epilepticus NORSE ,respiratoria
2103,status epilepticus SE ,cardiaca
2104,super refractory status epilepticus SRSE ,cardiaca
2105,Expectation,genetica
2106,motor performance,cardiaca
2107,placebo effect,respiratoria
2108,psychomotor performance,respiratoria
2109,sport performance ,cardiaca
2110,cardiac arrest patients,genetica
2111,cohort study,cardiaca
2112,epinephrine dose,cardiaca
2113,multivariate analysis,genetica
2114,neurological outcome ,genetica
2115,ANCA,genetica
2116,diagnosis,cardiaca
2117,pathogenesis,cardiaca
2118,treatment monitoring,cardiaca
2119,vasculitis ,genetica
2120,Immune checkpoint inhibitor,respiratoria
2121,Immune related adverse event,respiratoria
2122,Immunotherapy,cardiaca
2123,Inflammatory arthritis,cardiaca
2124,Myositis ,respiratoria
2125,gender affirmation surgery,respiratoria
2126,latissimus dorsi flap,respiratoria
2127,neophallus,genetica
2128,phalloplasty ,cardiaca
2129,Anti inflammatory effects,cardiaca
2130,Gastrointestinal motility,genetica
2131,Hyperacidity,genetica
2132,Mucosal secretion,respiratoria
2133,Multi target ,genetica
2134,Embryo,respiratoria
2135,in vitro maturation,cardiaca
2136,in vitro production,cardiaca
2137,oocyte,cardiaca
2138,species comparison ,genetica
2139,Cavitation,genetica
2140,Crude oil,genetica
2141,Crude upgrading,genetica
2142,Desulphurisation,genetica
2143,Enhanced oil recovery,respiratoria
2144,Oil sand extraction,genetica
2145,Oil shale,cardiaca
2146,Petroleum industry ,cardiaca
2147,2 AG,genetica
2148,antidepressant effect,respiratoria
2149,depression,cardiaca
2150,monoacylglycerol lipase,respiratoria
2151,stress ,genetica
2152,Cancer,genetica
2153,Clinical trial,genetica
2154,Dysregulation,respiratoria
2155,MiRNA ,respiratoria
2156,bioconjugation,cardiaca
2157,cancer,genetica
2158,cancer diagnosis,respiratoria
2159,carbon nanodots,cardiaca
2160,nanotechnology,cardiaca
2161,quantum dots ,genetica
2162,Orthodontics,respiratoria
2163,CO2,cardiaca
2164,Conditioning,genetica
2165,Er Cr,genetica
2166,Er YAG,cardiaca
2167,Nd YAG,genetica
2168,Porcelain,respiratoria
2169,YSGG ,respiratoria
2170,AF,cardiaca
2171,Android,cardiaca
2172,Apple Watch,respiratoria
2173,Fitbit,genetica
2174,Fitness Tracker,respiratoria
2175,Garmin,genetica
2176,Google Health,genetica
2177,Health App,respiratoria
2178,Kardia,cardiaca
2179,S Health,respiratoria
2180,Samsung Health,respiratoria
2181,iOS,respiratoria
2182,iPhone,cardiaca
2183,mHealth,genetica
2184,single lead ECG,respiratoria
2185,smartwatch ,cardiaca
2186,Emulsification,genetica
2187,Oil pulling,genetica
2188,Oral hygiene,genetica
2189,Saponification,cardiaca
2190,Sesame oil ,cardiaca
2191,culture ethnicity,cardiaca
2192,emotion,respiratoria
2193,group processes,respiratoria
2194,ritual,cardiaca
2195,self regulation,respiratoria
2196,social cognition ,genetica
2197,adjustment disorder,respiratoria
2198,biological underpinnings,cardiaca
2199,measurement issues,respiratoria
2200,minor depression,cardiaca
2201,sub threshold diagnoses ,cardiaca
2202,brain health,genetica
2203,depression,cardiaca
2204,diet,respiratoria
2205,gut brain axis,respiratoria
2206,neuroinflammation ,respiratoria
2207,Buddhism,genetica
2208,Christianity,respiratoria
2209,Confucianism,respiratoria
2210,Hinduism,genetica
2211,Islam,genetica
2212,Judaism,respiratoria
2213,Pestilence,respiratoria
2214,SARS CoV 2 ,respiratoria
2215,Aedes aegypti,cardiaca
2216,Zika virus,genetica
2217,genetic variability,genetica
2218,non structural proteins ,cardiaca
2219,amphibian,respiratoria
2220,birth defects,cardiaca
2221,genetics,cardiaca
2222,neural,respiratoria
2223,organogenesis ,respiratoria
2224,Checkpoint inhibitors,genetica
2225,immune therapy,cardiaca
2226,small cell lung cancer,respiratoria
2227,targeted therapy,cardiaca
2228,vaccination therapy ,respiratoria
2229,B cells,genetica
2230,BAFF,cardiaca
2231,Cytokine,genetica
2232,Effector B cells,cardiaca
2233,IL 10,respiratoria
2234,IL 6,respiratoria
2235,Regulatory B cells,genetica
2236,Systemic lupus erythematosus,respiratoria
2237,Systemic sclerosis ,genetica
2238,Cascade,cardiaca
2239,biocatalyst,genetica
2240,biotransformation,respiratoria
2241,linear biocatalytic cascades,respiratoria
2242,multi step reaction ,respiratoria
2243,Epithelioid,genetica
2244,Mesothelioma,respiratoria
2245,Pleural effusion,cardiaca
2246,Reactive mesothelial proliferation,genetica
2247,Sarcomatoid ,cardiaca
2248,epigenetic changes,respiratoria
2249,innate immune,cardiaca
2250,intercellular signaling,respiratoria
2251,metabolic changes,cardiaca
2252,viral infection ,cardiaca
2253,diagnosis,respiratoria
2254,hepatocellular carcinoma,cardiaca
2255,treatment ,respiratoria
2256,cell membrane derived therapeutics,cardiaca
2257,cell based therapeutics,respiratoria
2258,extracellular vesicles,respiratoria
2259,nanoparticles,cardiaca
2260,non genetic cell surface engineering,genetica
2261,targeted drug delivery,cardiaca
2262,whole cell based therapeutics ,respiratoria
2263,carcinogenesis,cardiaca
2264,chronic hepatitis C,genetica
2265,cirrhosis,cardiaca
2266,extracellular matrix,respiratoria
2267,liver fibrosis ,respiratoria
2268,Arundina graminifolia,genetica
2269,Orchidaceae medicinal plants,genetica
2270,Pharmacology,cardiaca
2271,Phytochemistry ,genetica
2272,organic electronics,genetica
2273,polymer semiconductors,respiratoria
2274,self assembly,genetica
2275,π conjugated polymers ,genetica
2276,Human papillomavirus,cardiaca
2277,Multi method strategies,respiratoria
2278,Provider recommendation,cardiaca
2279,Vaccine,genetica
2280,Vaccine hesitancy ,genetica
2281,Extracellular matrix,genetica
2282,Fibrogenesis,cardiaca
2283,Fibrolysis,genetica
2284,Liver,cardiaca
2285,MMP,cardiaca
2286,Regeneration ,cardiaca
2287,anything related to domestic violence,cardiaca
2288,criminology,cardiaca
2289,domestic violence,genetica
2290,youth violence ,genetica
2291,Cereus jamacaru,cardiaca
2292,Health benefits,cardiaca
2293,Hylocereus polyrhizus,genetica
2294,Hylocereus undatus,respiratoria
2295,Industrial potential,cardiaca
2296,Opuntia ficus indica,cardiaca
2297,Phytochemicals,cardiaca
2298,Pilosocereus gounellei ,respiratoria
2299,Olea europaea L ,genetica
2300,chilling requirements,genetica
2301,fatty acids,cardiaca
2302,irrigation,respiratoria
2303,oil concentration,cardiaca
2304,oil yield,cardiaca
2305,water requirements ,cardiaca
2306,G proteins,genetica
2307,GPCRs,respiratoria
2308,development,cardiaca
2309,receptor independent function ,cardiaca
2310,Diabetes,respiratoria
2311,Endotoxin,genetica
2312,Inflammation,respiratoria
2313,Metabolic syndrome,cardiaca
2314,Microbiome,respiratoria
2315,Obesity ,respiratoria
2316,Cancer,genetica
2317,Dynamics,cardiaca
2318,Metastasis,respiratoria
2319,Mitochondria,genetica
2320,Trafficking,respiratoria
2321,Tumor cell invasion ,cardiaca
2322,cardiac resynchronization therapy,respiratoria
2323,heart failure,respiratoria
2324,heart assist devices,respiratoria
2325,transplant ,respiratoria
2326,2x2 matrix,respiratoria
2327,Bayesian reasoning,genetica
2328,contingency table,genetica
2329,framing effects,genetica
2330,problem solving,respiratoria
2331,scientific measurement,cardiaca
2332,transparency,genetica
2333,visualization ,respiratoria
2334,Lateral position,respiratoria
2335,Pulmonary aspiration,cardiaca
2336,Semi lateral position ,respiratoria
2337,Estrogen receptors,cardiaca
2338,Immune system,cardiaca
2339,Sex hormones,cardiaca
2340,Teleosts,genetica
2341,microRNAs ,genetica
2342,biomechanics,genetica
2343,cognition,respiratoria
2344,echolocation,respiratoria
2345,emerging infectious diseases,genetica
2346,energetics,genetica
2347,migration,cardiaca
2348,mutualism,genetica
2349,sociality ,respiratoria
2350,Associated disorders,respiratoria
2351,behavioral management,genetica
2352,cognitive behavior therapy,cardiaca
2353,mindfulness meditation,genetica
2354,psychosocial interventions,respiratoria
2355,relapse,genetica
2356,stammering,respiratoria
2357,stuttering ,genetica
2358,EMARaV,cardiaca
2359,Emaravirus,genetica
2360,European mountain ash ringspot associated virus,respiratoria
2361,Fimoviridae,cardiaca
2362,Orthotospovirus,genetica
2363,Phenuiviridae,genetica
2364,RSV,genetica
2365,Rice stripe virus,cardiaca
2366,TSWV,genetica
2367,Tenuivirus,cardiaca
2368,Tomato spotted wilt virus,genetica
2369,Tospoviridae ,genetica
2370,COVID 19,cardiaca
2371,SARS Cov 2,respiratoria
2372,iron chelation,genetica
2373,natural products,cardiaca
2374,protease inhibition ,respiratoria
2375,Neurology,cardiaca
2376,ethical issues,cardiaca
2377,palliative care PC ,genetica
2378,Bronchoscopy,cardiaca
2379,Computed tomography,respiratoria
2380,Foreign body aspiration ,respiratoria
2381,abdomen,respiratoria
2382,body CT,cardiaca
2383,immunotherapy,genetica
2384,melanoma,cardiaca
2385,oncology ,respiratoria
2386,Decompressive craniectomy,genetica
2387,Neurosurgery,respiratoria
2388,Stroke,genetica
2389,Traumatic brain injury ,cardiaca
2390,biomedical sensors,genetica
2391,hydrogel robots,cardiaca
2392,soft actuators,genetica
2393,stimuli responsive hydrogels ,respiratoria
2394,Laparoscopic gastrectomy LG ,genetica
2395,education system,genetica
2396,trainee ,genetica
2397,Chagas disease,respiratoria
2398,atherosclerosis,respiratoria
2399,interleukin 6,genetica
2400,macrophages,respiratoria
2401,monocytes,cardiaca
2402,oxidative stress,genetica
2403,oxidized phospholipids,genetica
2404,purinergic signaling ,genetica
2405,Eylea ,genetica
2406,Lucentis ,respiratoria
2407,Razumab ,cardiaca
2408,biosimilar,respiratoria
2409,ophthalmology ,cardiaca
2410,Lin28,respiratoria
2411,fetus,respiratoria
2412,let 7,genetica
2413,neonate,respiratoria
2414,thymus ,cardiaca
2415,Arthrodesis,respiratoria
2416,Intervertebral Disc,cardiaca
2417,Low Back Pain ,respiratoria
2418,Acyl carrier protein,genetica
2419,ISU,respiratoria
2420,Iron sulfur clusters,cardiaca
2421,Mitochondria,cardiaca
2422,Nfu1 ,genetica
2423,PDAC,respiratoria
2424,antitumor immunity,respiratoria
2425,protease activated receptor,genetica
2426,thrombin ,respiratoria
2427,Homelessness,respiratoria
2428,Incarceration,genetica
2429,Jail,respiratoria
2430,OECD,cardiaca
2431,Prison ,genetica
2432,apoptosis,genetica
2433,capsaicin,cardiaca
2434,digestive cancer,genetica
2435,molecular signaling,genetica
2436,tumorigenesis ,respiratoria
2437,Cancer associated fibroblasts,genetica
2438,Hepatocellular carcinoma,genetica
2439,Molecular target,cardiaca
2440,Tumor microenvironment ,genetica
2441,alcohol,respiratoria
2442,cannabis,respiratoria
2443,co morbidity,genetica
2444,cognition,cardiaca
2445,gamma oscillations,genetica
2446,tobacco ,genetica
2447,ASD,cardiaca
2448,Acceptance and Commitment Training,cardiaca
2449,Autism,genetica
2450,Bias,respiratoria
2451,Family resources,genetica
2452,Systemic racism ,respiratoria
2453,KRAS,respiratoria
2454,genomic profiling,respiratoria
2455,non small cell lung cancer,respiratoria
2456,predictive factor,genetica
2457,prognostic factor ,respiratoria
2458,NLRP3 inflammasome,respiratoria
2459,Neuroinflammation,genetica
2460,Parkinson s disease,genetica
2461,Pyroptosis ,respiratoria
2462,COVID 19,respiratoria
2463,Lockdown,respiratoria
2464,Meteorology,cardiaca
2465,Pollutants,cardiaca
2466,SARS CoV 2 ,respiratoria
2467,aging,cardiaca
2468,exercise,respiratoria
2469,mitochondria,respiratoria
2470,sarcopenia,cardiaca
2471,skeletal muscle,cardiaca
2472,treatment ,respiratoria
2473,bladder cancer,respiratoria
2474,human epidermal growth factor receptor 2,cardiaca
2475,immunohistochemistry,cardiaca
2476,in situ hybridization,respiratoria
2477,micropapillary variant ,cardiaca
2478,Endoscopic vitrectomy,respiratoria
2479,pediatric,genetica
2480,scleral buckling,cardiaca
2481,vitrectomy,cardiaca
2482,vitreoretinal surgery ,respiratoria
2483,Bone mineral density,respiratoria
2484,diabetes,respiratoria
2485,fracture,genetica
2486,management,respiratoria
2487,osteoporosis ,genetica
2488,Cannabidiol,cardiaca
2489,Neurological disorders,respiratoria
2490,Neuropsychiatric disorders,respiratoria
2491,Psychiatric disorders,cardiaca
2492,Treatment ,respiratoria
2493,acute coronary syndrome,respiratoria
2494,myocardial infarction,respiratoria
2495,percutaneous coronary intervention ,cardiaca
2496,Cell therapy,respiratoria
2497,Human dental stem cells,genetica
2498,Mesenchymal stem cells,cardiaca
2499,Spinal cord injury ,genetica
2500,CNS axon regeneration,cardiaca
2501,CNS trauma,respiratoria
2502,Neuroprotection,genetica
2503,Recovery of function,respiratoria
2504,ipRGC,respiratoria
2505,α RGC ,respiratoria
2506,Prolactinoma,respiratoria
2507,adenoma,respiratoria
2508,dopamine agonist,genetica
2509,pituitary,genetica
2510,surgery ,cardiaca
2511,anhedonia,cardiaca
2512,impulsivity,cardiaca
2513,intranasal insulin,genetica
2514,smoking,cardiaca
2515,weight loss ,cardiaca
2516,Cancer imaging,cardiaca
2517,Hodgkin lymphoma,respiratoria
2518,Molecular imaging,cardiaca
2519,Non Hodgkin lymphoma,cardiaca
2520,Positron emission tomography,cardiaca
2521,Radioimmunotherapy ,genetica
2522,Cervical spine,respiratoria
2523,Clinical reasoning,respiratoria
2524,Complications,cardiaca
2525,Manual therapy,respiratoria
2526,Risk factors,genetica
2527,Serious adverse events ,respiratoria
2528,ionic conductivity,respiratoria
2529,lithium conductive polymers,cardiaca
2530,macromolecular design,respiratoria
2531,mechanical properties,respiratoria
2532,solid lithium batteries,respiratoria
2533,solid polymer electrolytes ,respiratoria
2534,cartilage degeneration,cardiaca
2535,corticosteroids,cardiaca
2536,intra articular injections,genetica
2537,knee osteoarthritis,cardiaca
2538,non inflammatory arthritis ,cardiaca
2539,Exercise,respiratoria
2540,Mitochondria,cardiaca
2541,Obesity,respiratoria
2542,Skeletal Muscle ,cardiaca
2543,brimonidine,genetica
2544,erythematotelangiectatic,cardiaca
2545,oxymetazoline,genetica
2546,rosacea,respiratoria
2547,topical ,respiratoria
2548,entomopathogenic nematode,cardiaca
2549,excretory and secretory products,cardiaca
2550,inflammatory disorders,cardiaca
2551,soil transmitted helminth,cardiaca
2552,vaccination ,cardiaca
2553,Complications,genetica
2554,Hypospadias,respiratoria
2555,Prepuce,cardiaca
2556,Preputial reconstruction,genetica
2557,Preputioplasty ,cardiaca
2558,SARS CoV 2,genetica
2559,TPC channels,cardiaca
2560,coronavirus,genetica
2561,flavonoids,genetica
2562,mammalian endolysosome,genetica
2563,plant vacuole ,genetica
2564,AIDS,cardiaca
2565,CCR5,cardiaca
2566,CCR5 Δ32 mutation,respiratoria
2567,HIV,cardiaca
2568,designer nucleases,cardiaca
2569,functional cure ,respiratoria
2570,Angiotensin Converting Enzyme,genetica
2571,SARS CoV 2,genetica
2572,angiotensin,respiratoria
2573,renin angiotensin aldosterone system ,respiratoria
2574,Crohn s disease,genetica
2575,IBD,cardiaca
2576,Mindfulness,cardiaca
2577,Ulcerative colitis,genetica
2578,Yoga ,genetica
2579,Coagulation,genetica
2580,Complement system,respiratoria
2581,High density lipoprotein,respiratoria
2582,Inflammation,respiratoria
2583,Protease,cardiaca
2584,Protease inhibitor,genetica
2585,SERPIN ,genetica
2586,bioactivity,respiratoria
2587,cyclodextrins,respiratoria
2588,drug,genetica
2589,enhancers,respiratoria
2590,polymers,cardiaca
2591,review,respiratoria
2592,stability ,cardiaca
2593,Androgen receptor,cardiaca
2594,Castration resistant prostate cancer,cardiaca
2595,Mechanisms,respiratoria
2596,Metastasis,genetica
2597,Review ,cardiaca
2598,Management,respiratoria
2599,Penetrating neck injury,cardiaca
2600,Review,cardiaca
2601,Trauma ,genetica
2602,Hypertension,genetica
2603,Kidney,genetica
2604,Living donor,genetica
2605,Living kidney donors,respiratoria
2606,Obesity ,respiratoria
2607,climate,cardiaca
2608,cryptosporidiosis,cardiaca
2609,public health,cardiaca
2610,waterborne disease,cardiaca
2611,weather ,respiratoria
2612,gene therapy,genetica
2613,glioblastoma,cardiaca
2614,mRNA,genetica
2615,patient tailored,cardiaca
2616,targeting molecules ,genetica
2617,aging,genetica
2618,bone marrow,cardiaca
2619,bone quality,cardiaca
2620,diffusion MRI,genetica
2621,osteoporosis,genetica
2622,trabecular bone ,genetica
2623,Biomolecular structure,cardiaca
2624,Data archive,respiratoria
2625,Modelling,cardiaca
2626,Protein structure,cardiaca
2627,Publication guidelines,genetica
2628,SANS,respiratoria
2629,SAXS,genetica
2630,Small angle scattering ,genetica
2631,Abuse,cardiaca
2632,Domestic violence,respiratoria
2633,Gender minority,cardiaca
2634,LGBT,respiratoria
2635,Sexual minority,respiratoria
2636,Transgender ,cardiaca
2637,ICP MS,genetica
2638,bioinformatics,cardiaca
2639,complex disease,cardiaca
2640,ionome,genetica
2641,ionomics ,genetica
2642,Malawi,cardiaca
2643,Pesticide use,genetica
2644,health,genetica
2645,health risk,genetica
2646,integrated pest management,respiratoria
2647,pesticides,cardiaca
2648,systematic literature review ,genetica
2649,MR elastography,cardiaca
2650,elasticity imaging,respiratoria
2651,elastography,cardiaca
2652,mechanical properties,respiratoria
2653,tissue stiffness ,respiratoria
2654,barriers,genetica
2655,personalized medicine,cardiaca
2656,pharmacogenetic,genetica
2657,potentialities ,cardiaca
2658,Acid sensing ion channels,respiratoria
2659,Calcium,genetica
2660,Ion channels,cardiaca
2661,PIEZO channels,cardiaca
2662,Pain,respiratoria
2663,TRP ,respiratoria
2664,adaptive immunity,respiratoria
2665,angiotensin converting enzyme 2,genetica
2666,coronavirus disease 2019,cardiaca
2667,innate immunity,cardiaca
2668,renin angiotensin aldosterone system,cardiaca
2669,severe acute respiratory syndrome coronavirus 2,respiratoria
2670,vitamin D ,genetica
2671,antimicrobial activity,genetica
2672,biofilm,cardiaca
2673,garlic,genetica
2674,hydrophobic compound ,respiratoria
2675,Immunotherapy,cardiaca
2676,cancer genomics,respiratoria
2677,cancer therapeutics,respiratoria
2678,oncology,cardiaca
2679,targeted therapies ,respiratoria
2680,GABAergic inhibitory neuron,genetica
2681,embryonic neurogenesis,genetica
2682,functional network,genetica
2683,gyrencephalic brain,respiratoria
2684,postnatal migration ,cardiaca
2685,Dementia,respiratoria
2686,Dementia with Lewy bodies,genetica
2687,Lewy body dementia,cardiaca
2688,Parkinson s disease with dementia,respiratoria
2689,Synucleinopathy ,respiratoria
2690,anemia,genetica
2691,cell therapy,respiratoria
2692,gene editing,cardiaca
2693,gene therapy,respiratoria
2694,hematopoietic stem cells ,cardiaca
2695,Blood failure,cardiaca
2696,Endotheliopathy,cardiaca
2697,Hemorrhage,genetica
2698,Pediatric massive transfusion,respiratoria
2699,Whole blood ,genetica
2700,Hepatectomy,cardiaca
2701,Hepatocellular carcinoma,respiratoria
2702,Multidisciplinary treatment,genetica
2703,Operative mortality,respiratoria
2704,Portal vein tumor thrombus ,respiratoria
2705,Bladder cancer,cardiaca
2706,Immunoediting,genetica
2707,Immunotherapy,genetica
2708,Neoadjuvant treatment,respiratoria
2709,Prostate cancer,cardiaca
2710,Tumor microenvironment,cardiaca
2711,Vaccines ,respiratoria
2712,adult mouse,genetica
2713,enteric glial cells,genetica
2714,enteric neurons,genetica
2715,primary ENS culture,cardiaca
2716,protocol ,genetica
2717,Anisotropy,genetica
2718,Biocompatibility,cardiaca
2719,Biodegradable elastomers,genetica
2720,Biomaterial property,cardiaca
2721,Heart valve tissue engineering,cardiaca
2722,Microarchitecture,genetica
2723,Synthetic elastomers ,respiratoria
2724,regenerative medicine,genetica
2725,stem cells ,cardiaca
2726,Biomarker,genetica
2727,Medicine,respiratoria
2728,Pharmacology,respiratoria
2729,Proteomics ,respiratoria
2730,bone,respiratoria
2731,bone disease,cardiaca
2732,bone remodeling,genetica
2733,drug interventions,genetica
2734,mathematical modeling,cardiaca
2735,mechanobiology ,respiratoria
2736,Cell transplantation,respiratoria
2737,Diabetes,cardiaca
2738,Diabetic neuropathy,respiratoria
2739,Myelination,respiratoria
2740,Neurotrophic factor,respiratoria
2741,Schwann cell ,cardiaca
2742,Abuse,genetica
2743,Antiepileptic drugs,cardiaca
2744,Brivaracetam,genetica
2745,Eslicarbazepine,cardiaca
2746,Lacosamide,genetica
2747,Perampanel ,genetica
2748,bone mineral density,cardiaca
2749,falls,respiratoria
2750,fracture,genetica
2751,osteoporosis,genetica
2752,type 1 diabetes ,respiratoria
2753,Child,respiratoria
2754,Environmental exposures,cardiaca
2755,Foetal development,genetica
2756,Infant,cardiaca
2757,Non communicable disease ,genetica
2758,preeclampsia,genetica
2759,pregnancy,cardiaca
2760,twins ,respiratoria
2761,DNA repair,cardiaca
2762,PARP1,cardiaca
2763,RAD52,cardiaca
2764,dual synthetic lethality,respiratoria
2765,synthetic lethality ,cardiaca
2766,bees,respiratoria
2767,competition,genetica
2768,genetic introgression,genetica
2769,impacts,cardiaca
2770,invasive species,respiratoria
2771,pollination,cardiaca
2772,species introductions ,respiratoria
2773,Autophagy,genetica
2774,DNA methylation,cardiaca
2775,Epigenetic,respiratoria
2776,Histone acetylation,respiratoria
2777,Histone methylation ,cardiaca
2778,Emergency medical services,genetica
2779,Mobile stroke unit,genetica
2780,Prehospital stroke treatment,cardiaca
2781,Stroke management,cardiaca
2782,Thrombolysis ,cardiaca
2783,BRCA2,genetica
2784,Genetic testing,genetica
2785,Germline,respiratoria
2786,Metastatic prostate cancer ,cardiaca
2787,benchmarking,respiratoria
2788,control,cardiaca
2789,design,genetica
2790,dexterous manipulation,cardiaca
2791,field robotics,genetica
2792,hands,genetica
2793,mechanisms,cardiaca
2794,sensing ,genetica
